action_id,flag,severity,detail
gov_action1wwjwkg2g0qwr0mehey9r8gwn6qz3r28wl6wdl2s75kfmpy8j87tqqtft9tp,🟡 NO_DISCUSSION,yellow,No links to forum discussion or community feedback
gov_action1fvgw27fjpr9c7g582mszzyez0jgkqgjgatzdnyngrg8wwc9kcn3qqxtz8r7,🟡 NO_DISCUSSION,yellow,No links to forum discussion or community feedback
gov_action1fvgw27fjpr9c7g582mszzyez0jgkqgjgatzdnyngrg8wwc9kcn3qqxtz8r7,🟡 SINGLE_BENEFICIARY,yellow,Treasury withdrawal to a single address
gov_action1cgdsp7g0rr7wgqp7maptpvx525fxuqwfgm5qe3f5r20ew5x2772sq0m5y83,🟡 PARAM_CLUSTER,yellow,Multiple parameter changes bundled in one action: 4 params changed at once
gov_action1m3xx08yv788vfxqh6nfvrjtvmqpwezsy0ggaczctkyjmttc2wmxsq4jsr7q,🟡 NO_DISCUSSION,yellow,No links to forum discussion or community feedback
gov_action15ce4qnwug759939wqv782pvh6qg68khspg8kh02gmex99mcsytwqqqr7jkr,🟡 NO_DISCUSSION,yellow,No links to forum discussion or community feedback
gov_action1jxne7hynfd7frcczwumd2eggps4kvy0msjztz9t0mutpy870ksgqqp6vp3p,🟡 NO_DISCUSSION,yellow,No links to forum discussion or community feedback
gov_action1fk4nx9zhkcdcyjaudwjtnkd7gagwyhqtth2zypawkc78gvdxkuzqqtvqdkv,🟡 NO_DISCUSSION,yellow,No links to forum discussion or community feedback
gov_action1lqun78lcznfa2gek49m3ydslakfnm8heargfp8sax9fk54yl6ghsqp042zv,🟡 SINGLE_BENEFICIARY,yellow,Treasury withdrawal to a single address
gov_action169kllwhfmp488je5x5rwvufd08p8sztdcf0ghf5sp6ey2gnjdwaqql47xry,🟡 NO_DISCUSSION,yellow,No links to forum discussion or community feedback
gov_action13a2dqgwxum7d6kjfprcs57cf9733ek2dkt5qnuhqd4ll5ntcwu7sqluwkxd,🟡 NO_DISCUSSION,yellow,No links to forum discussion or community feedback
gov_action1x2zm0lgd59kjrc9clzgscdlh0ct62l8llr638h6t4a5jj4yqzzyqq2dgc7q,🟡 NO_DISCUSSION,yellow,No links to forum discussion or community feedback
gov_action1q0m8z7glm9cprucwf44hdjdfra8khnakpm3hu5ueh929hvljw4aqqzuxfxz,🟡 NO_DISCUSSION,yellow,No links to forum discussion or community feedback
gov_action1q0m8z7glm9cprucwf44hdjdfra8khnakpm3hu5ueh929hvljw4aqqzuxfxz,🟡 SINGLE_BENEFICIARY,yellow,Treasury withdrawal to a single address
gov_action1ezp0r9rgf4njx93p9uq7l3kjs9m739jm0ntf26vplcmucec4jc0qqxjlfrc,🟡 NO_DISCUSSION,yellow,No links to forum discussion or community feedback
gov_action16tdkp3fs0j6303e4utgp8rftdug0ckezr4sslgv8wxdaeq40ngpsq5sr06h,🟡 SINGLE_BENEFICIARY,yellow,Treasury withdrawal to a single address
gov_action1n9hdlcmshrj3hee4g8n4fxdgrprpxp0r03l6psd3j0evtpck0nrsqm57age,🟡 NO_DISCUSSION,yellow,No links to forum discussion or community feedback
gov_action1u4jrcvlkppjzuv5j9z5ksacwtvv77h6glu0knpcjut8gvjjfu0cqqt3alsy,🟡 NO_DISCUSSION,yellow,No links to forum discussion or community feedback
gov_action1jr84r96lnsvu9yd6c0jhxe9gj5r7vnd2pgkntc6klplxdpyzz4tqqc9uldx,🟡 NO_DISCUSSION,yellow,No links to forum discussion or community feedback
gov_action1ypajyms3pcfmkx93r87dxy6jpc8u6pst90ylhxj7t0rwjj43puasq0x9jrw,🟡 NO_DISCUSSION,yellow,No links to forum discussion or community feedback
gov_action1r44w54hx553mz0sr4cc07f8tlxzj2sa57l2pt3l9pa2ldw42fc7sq5q3rtn,🟡 NO_DISCUSSION,yellow,No links to forum discussion or community feedback
gov_action1r44w54hx553mz0sr4cc07f8tlxzj2sa57l2pt3l9pa2ldw42fc7sq5q3rtn,🟡 SINGLE_BENEFICIARY,yellow,Treasury withdrawal to a single address
gov_action1fl6r784t2ffw7q96du2znhprw90r3xvrfugvqelgqewgxex42kdqq9tgrd5,🟡 NO_DISCUSSION,yellow,No links to forum discussion or community feedback
gov_action1fl6r784t2ffw7q96du2znhprw90r3xvrfugvqelgqewgxex42kdqq9tgrd5,🟡 SINGLE_BENEFICIARY,yellow,Treasury withdrawal to a single address
gov_action1g7sw0f8e8qa34lppj2erksvzf4j6e9udwaq6efslc8apdqeazygsq2spyyt,🟡 NO_DISCUSSION,yellow,No links to forum discussion or community feedback
gov_action193leqzml768nz7nmpepzx822a5mzyanqhtewaxjtul5gp6uhwvfsqgl2qg0,🟡 SINGLE_BENEFICIARY,yellow,Treasury withdrawal to a single address
gov_action13tfag48nf94rtjcdq7c06vhkslmxxw9h6c88sl7q5g5nnewcsvlqkqx0ecg,🟡 SINGLE_BENEFICIARY,yellow,Treasury withdrawal to a single address
gov_action13tfag48nf94rtjcdq7c06vhkslmxxw9h6c88sl7q5g5nnewcsvlqudh2k4c,🟡 SINGLE_BENEFICIARY,yellow,Treasury withdrawal to a single address
gov_action13tfag48nf94rtjcdq7c06vhkslmxxw9h6c88sl7q5g5nnewcsvlq77jt4x4,🟡 SINGLE_BENEFICIARY,yellow,Treasury withdrawal to a single address
gov_action13tfag48nf94rtjcdq7c06vhkslmxxw9h6c88sl7q5g5nnewcsvlqqfgyy3v,🟡 SINGLE_BENEFICIARY,yellow,Treasury withdrawal to a single address
gov_action13tfag48nf94rtjcdq7c06vhkslmxxw9h6c88sl7q5g5nnewcsvlqz6d98zp,🟡 SINGLE_BENEFICIARY,yellow,Treasury withdrawal to a single address
gov_action13tfag48nf94rtjcdq7c06vhkslmxxw9h6c88sl7q5g5nnewcsvlpqx4t762,🟡 SINGLE_BENEFICIARY,yellow,Treasury withdrawal to a single address
gov_action13tfag48nf94rtjcdq7c06vhkslmxxw9h6c88sl7q5g5nnewcsvlpuz29v77,🟡 SINGLE_BENEFICIARY,yellow,Treasury withdrawal to a single address
gov_action13tfag48nf94rtjcdq7c06vhkslmxxw9h6c88sl7q5g5nnewcsvlpx66gmxa,🟡 SINGLE_BENEFICIARY,yellow,Treasury withdrawal to a single address
gov_action13tfag48nf94rtjcdq7c06vhkslmxxw9h6c88sl7q5g5nnewcsvlpjq3z9u5,🟡 SINGLE_BENEFICIARY,yellow,Treasury withdrawal to a single address
gov_action13tfag48nf94rtjcdq7c06vhkslmxxw9h6c88sl7q5g5nnewcsvlp5u7pqqr,🟡 SINGLE_BENEFICIARY,yellow,Treasury withdrawal to a single address
gov_action13tfag48nf94rtjcdq7c06vhkslmxxw9h6c88sl7q5g5nnewcsvlpk0mqrnw,🟡 SINGLE_BENEFICIARY,yellow,Treasury withdrawal to a single address
gov_action13tfag48nf94rtjcdq7c06vhkslmxxw9h6c88sl7q5g5nnewcsvlpvhtd5td,🟡 SINGLE_BENEFICIARY,yellow,Treasury withdrawal to a single address
gov_action13tfag48nf94rtjcdq7c06vhkslmxxw9h6c88sl7q5g5nnewcsvlpcdq823y,🟡 SINGLE_BENEFICIARY,yellow,Treasury withdrawal to a single address
gov_action13tfag48nf94rtjcdq7c06vhkslmxxw9h6c88sl7q5g5nnewcsvlp679xfzf,🟡 SINGLE_BENEFICIARY,yellow,Treasury withdrawal to a single address
gov_action13tfag48nf94rtjcdq7c06vhkslmxxw9h6c88sl7q5g5nnewcsvlzxt5eumh,🟡 SINGLE_BENEFICIARY,yellow,Treasury withdrawal to a single address
gov_action13tfag48nf94rtjcdq7c06vhkslmxxw9h6c88sl7q5g5nnewcsvlpwywvhcq,🟡 SINGLE_BENEFICIARY,yellow,Treasury withdrawal to a single address
gov_action13tfag48nf94rtjcdq7c06vhkslmxxw9h6c88sl7q5g5nnewcsvlqyxzxz7k,🟡 SINGLE_BENEFICIARY,yellow,Treasury withdrawal to a single address
gov_action13tfag48nf94rtjcdq7c06vhkslmxxw9h6c88sl7q5g5nnewcsvlqx488pdm,🟡 SINGLE_BENEFICIARY,yellow,Treasury withdrawal to a single address
gov_action13tfag48nf94rtjcdq7c06vhkslmxxw9h6c88sl7q5g5nnewcsvlqghuqg03,🟡 SINGLE_BENEFICIARY,yellow,Treasury withdrawal to a single address
gov_action13tfag48nf94rtjcdq7c06vhkslmxxw9h6c88sl7q5g5nnewcsvlq2yeptuu,🟡 SINGLE_BENEFICIARY,yellow,Treasury withdrawal to a single address
gov_action13tfag48nf94rtjcdq7c06vhkslmxxw9h6c88sl7q5g5nnewcsvlqvckzwqt,🟡 SINGLE_BENEFICIARY,yellow,Treasury withdrawal to a single address
gov_action13tfag48nf94rtjcdq7c06vhkslmxxw9h6c88sl7q5g5nnewcsvlqwtnrdnx,🟡 SINGLE_BENEFICIARY,yellow,Treasury withdrawal to a single address
gov_action13tfag48nf94rtjcdq7c06vhkslmxxw9h6c88sl7q5g5nnewcsvlqsufvuyl,🟡 SINGLE_BENEFICIARY,yellow,Treasury withdrawal to a single address
gov_action13tfag48nf94rtjcdq7c06vhkslmxxw9h6c88sl7q5g5nnewcsvlqj0vdlhj,🟡 SINGLE_BENEFICIARY,yellow,Treasury withdrawal to a single address
gov_action13tfag48nf94rtjcdq7c06vhkslmxxw9h6c88sl7q5g5nnewcsvlq5nrw6t9,🟡 SINGLE_BENEFICIARY,yellow,Treasury withdrawal to a single address
gov_action13tfag48nf94rtjcdq7c06vhkslmxxw9h6c88sl7q5g5nnewcsvlqczags6z,🟡 SINGLE_BENEFICIARY,yellow,Treasury withdrawal to a single address
gov_action13tfag48nf94rtjcdq7c06vhkslmxxw9h6c88sl7q5g5nnewcsvlq63cfnf0,🟡 SINGLE_BENEFICIARY,yellow,Treasury withdrawal to a single address
gov_action13tfag48nf94rtjcdq7c06vhkslmxxw9h6c88sl7q5g5nnewcsvlpz4s2af8,🟡 SINGLE_BENEFICIARY,yellow,Treasury withdrawal to a single address
gov_action13tfag48nf94rtjcdq7c06vhkslmxxw9h6c88sl7q5g5nnewcsvlpyflfc4s,🟡 SINGLE_BENEFICIARY,yellow,Treasury withdrawal to a single address
gov_action13tfag48nf94rtjcdq7c06vhkslmxxw9h6c88sl7q5g5nnewcsvlpgcp0jyh,🟡 SINGLE_BENEFICIARY,yellow,Treasury withdrawal to a single address
gov_action13tfag48nf94rtjcdq7c06vhkslmxxw9h6c88sl7q5g5nnewcsvlp2tyw3h6,🟡 SINGLE_BENEFICIARY,yellow,Treasury withdrawal to a single address
gov_action13tfag48nf94rtjcdq7c06vhkslmxxw9h6c88sl7q5g5nnewcsvlpsn5rx0e,🟡 SINGLE_BENEFICIARY,yellow,Treasury withdrawal to a single address
gov_action13tfag48nf94rtjcdq7c06vhkslmxxw9h6c88sl7q5g5nnewcsvlp730y0dn,🟡 SINGLE_BENEFICIARY,yellow,Treasury withdrawal to a single address
gov_action13tfag48nf94rtjcdq7c06vhkslmxxw9h6c88sl7q5g5nnewcsvlzqhm6e8q,🟡 SINGLE_BENEFICIARY,yellow,Treasury withdrawal to a single address
gov_action13tfag48nf94rtjcdq7c06vhkslmxxw9h6c88sl7q5g5nnewcsvlzzy7m65d,🟡 SINGLE_BENEFICIARY,yellow,Treasury withdrawal to a single address
gov_action13tfag48nf94rtjcdq7c06vhkslmxxw9h6c88sl7q5g5nnewcsvlzyc3clg6,🟡 SINGLE_BENEFICIARY,yellow,Treasury withdrawal to a single address
gov_action13tfag48nf94rtjcdq7c06vhkslmxxw9h6c88sl7q5g5nnewcsvlzgf074ea,🟡 SINGLE_BENEFICIARY,yellow,Treasury withdrawal to a single address
gov_action18nefry4qacd80xzs2srjahxm2e4vz3c8wvrr03rrtk8mdqfuknysq66459t,🟡 SINGLE_BENEFICIARY,yellow,Treasury withdrawal to a single address
gov_action1f9da8n2yaf4updxzmwc7fnw8ug2gwnpvqays5n3yw6nz0mu3z2qqq6ggge9,🟡 NO_DISCUSSION,yellow,No links to forum discussion or community feedback
gov_action1vrkk4dpuss8l3z9g4uc2rmf8ks0f7j534zvz9v4k85dlc54wa3zsqq68rx0,🟡 NO_DISCUSSION,yellow,No links to forum discussion or community feedback
gov_action1vrkk4dpuss8l3z9g4uc2rmf8ks0f7j534zvz9v4k85dlc54wa3zsqq68rx0,🟡 SINGLE_BENEFICIARY,yellow,Treasury withdrawal to a single address
gov_action1mmalzkcxpyn33t05hml2hxpwq0ffv6uu4mhe8sv7guz5nmm4afysqlmepzl,🟡 NO_DISCUSSION,yellow,No links to forum discussion or community feedback
gov_action1vdlrcftd48qn2zz8egepr6xyfcmxpfz8r69k769gc5mhg662adesq9yy8pl,🟡 NO_DISCUSSION,yellow,No links to forum discussion or community feedback
gov_action1fpqwxp2kxvnntr8hpkh9q9djm78ccdww7qlhg5safugh4stmcwzqql5lauu,🔴 NO_METADATA,red,Anchor URL missing or could not be resolved
gov_action1h4ygjv0hjfj3lmafcm76rpdzcm8vsvj9k5wejn3npyxwxm3fesnqqw9kxxz,🟡 NO_DISCUSSION,yellow,No links to forum discussion or community feedback
gov_action10k0unljvaej0kd89w7pn0zkgdx59c7xkl0x5q78dzvdtd73u0kmqq5xl5y5,🟡 NO_DISCUSSION,yellow,No links to forum discussion or community feedback
gov_action1nd3t833j7v5sz65k3tp9yyvztw60sjcjgcgjr37682s3m7frwrusqmd2k80,🟡 NO_DISCUSSION,yellow,No links to forum discussion or community feedback
gov_action10ueqgzwenxr39le68n0se9peu92r7gm2846xwehh3u0ahc0qd0uqqyljxu5,🔴 HASH_MISMATCH,red,Metadata content hash does not match on-chain anchor hash
gov_action133jnaewfsq8x6v08ndd87l2yqryp63r30t2dkceacxx5cply5n7sqzlcyqf,🟡 NO_DISCUSSION,yellow,No links to forum discussion or community feedback
gov_action1286ft23r7jem825s4l0y5rn8sgam0tz2ce04l7a38qmnhp3l9a6qqn850dw,🔴 NO_METADATA,red,Anchor URL missing or could not be resolved
gov_action10lty9xka3unprtvdfrqvcjgsz33sjwhv9p06afqzar8au782trtsq7dhd95,🟡 NO_DISCUSSION,yellow,No links to forum discussion or community feedback
gov_action1t87n2vjnavthuggyarerafxx8c7n9mu4c7r96qlfp5uggsjdc8dsqymg588,🟡 NO_DISCUSSION,yellow,No links to forum discussion or community feedback
gov_action1zhuz5djmmmjg8f9s8pe6grfc98xg3szglums8cgm6qwancp4eytqqmpu0pr,🔴 HASH_MISMATCH,red,Metadata content hash does not match on-chain anchor hash
gov_action1zhuz5djmmmjg8f9s8pe6grfc98xg3szglums8cgm6qwancp4eytqqmpu0pr,🟡 SPARSE_RATIONALE,yellow,Rationale under 200 characters
gov_action1zhuz5djmmmjg8f9s8pe6grfc98xg3szglums8cgm6qwancp4eytqqmpu0pr,🟡 NO_DISCUSSION,yellow,No links to forum discussion or community feedback
gov_action19uhuy5uame2s60yrh6n8cyds8ps5q7tkh05dqlzmpcfy429p9w4qq5ll3g0,🟡 NO_DISCUSSION,yellow,No links to forum discussion or community feedback
gov_action19uhuy5uame2s60yrh6n8cyds8ps5q7tkh05dqlzmpcfy429p9w4qq5ll3g0,🟡 SINGLE_BENEFICIARY,yellow,Treasury withdrawal to a single address
gov_action17dfgtkeufcy945e3ssanqpmn09ft3gezhvepvvg7msmlmaz260dqqjtsmpe,🟡 SINGLE_BENEFICIARY,yellow,Treasury withdrawal to a single address
gov_action1uhzd06a26qavzflvrx3gvcz6rzxkl6su2ns8t3seef5e8dl6nlgsqcgtufg,🟡 NO_DISCUSSION,yellow,No links to forum discussion or community feedback
gov_action1uhzd06a26qavzflvrx3gvcz6rzxkl6su2ns8t3seef5e8dl6nlgsqcgtufg,🟡 SINGLE_BENEFICIARY,yellow,Treasury withdrawal to a single address
gov_action13qr78nhrhetywapvx2wpm63y9uxpc2dc45zsu9gkncasxqhuhltqqqfu32x,🟡 SINGLE_BENEFICIARY,yellow,Treasury withdrawal to a single address
gov_action1k5vwlfrxtyusd2ec37tckd54gjvqn2kd72xj4t6wkkapdv7zfg0qq468n2r,🟡 NO_DISCUSSION,yellow,No links to forum discussion or community feedback
gov_action1ky2j077de82par6f0hny5q56rpnn5hh0csfhrpzeq3hsk7s6vetqquz3scv,🟡 SINGLE_BENEFICIARY,yellow,Treasury withdrawal to a single address
gov_action1hkgl5l4fknsf7aktmcatkz6kfl7xpvn7rzh5vnxwexl0n3cc6zrsqt5459v,🟡 NO_DISCUSSION,yellow,No links to forum discussion or community feedback
gov_action1hkgl5l4fknsf7aktmcatkz6kfl7xpvn7rzh5vnxwexl0n3cc6zrsqt5459v,🟡 SINGLE_BENEFICIARY,yellow,Treasury withdrawal to a single address
gov_action1w0shrfxqwv95kk0v4cn34wylz25a2cmqkq5jpc0e2yrahhqava3q2yd5rxu,🟡 NO_DISCUSSION,yellow,No links to forum discussion or community feedback
gov_action1w0shrfxqwv95kk0v4cn34wylz25a2cmqkq5jpc0e2yrahhqava3q2yd5rxu,🟡 SINGLE_BENEFICIARY,yellow,Treasury withdrawal to a single address
gov_action1w0shrfxqwv95kk0v4cn34wylz25a2cmqkq5jpc0e2yrahhqava3qqfu3vtv,🟡 NO_DISCUSSION,yellow,No links to forum discussion or community feedback
gov_action1w0shrfxqwv95kk0v4cn34wylz25a2cmqkq5jpc0e2yrahhqava3qqfu3vtv,🟡 SINGLE_BENEFICIARY,yellow,Treasury withdrawal to a single address
gov_action1w0shrfxqwv95kk0v4cn34wylz25a2cmqkq5jpc0e2yrahhqava3qz6es0cp,🟡 NO_DISCUSSION,yellow,No links to forum discussion or community feedback
gov_action1w0shrfxqwv95kk0v4cn34wylz25a2cmqkq5jpc0e2yrahhqava3qz6es0cp,🟡 SINGLE_BENEFICIARY,yellow,Treasury withdrawal to a single address
gov_action1w0shrfxqwv95kk0v4cn34wylz25a2cmqkq5jpc0e2yrahhqava3qyxkn2yk,🟡 NO_DISCUSSION,yellow,No links to forum discussion or community feedback
gov_action1w0shrfxqwv95kk0v4cn34wylz25a2cmqkq5jpc0e2yrahhqava3qyxkn2yk,🟡 SINGLE_BENEFICIARY,yellow,Treasury withdrawal to a single address
gov_action1w0shrfxqwv95kk0v4cn34wylz25a2cmqkq5jpc0e2yrahhqava3qx4njfhm,🟡 NO_DISCUSSION,yellow,No links to forum discussion or community feedback
gov_action1w0shrfxqwv95kk0v4cn34wylz25a2cmqkq5jpc0e2yrahhqava3qx4njfhm,🟡 SINGLE_BENEFICIARY,yellow,Treasury withdrawal to a single address
gov_action1w0shrfxqwv95kk0v4cn34wylz25a2cmqkq5jpc0e2yrahhqava3qsuae57l,🟡 NO_DISCUSSION,yellow,No links to forum discussion or community feedback
gov_action1w0shrfxqwv95kk0v4cn34wylz25a2cmqkq5jpc0e2yrahhqava3qsuae57l,🟡 SINGLE_BENEFICIARY,yellow,Treasury withdrawal to a single address
gov_action1w0shrfxqwv95kk0v4cn34wylz25a2cmqkq5jpc0e2yrahhqava3qwt8k9fx,🟡 NO_DISCUSSION,yellow,No links to forum discussion or community feedback
gov_action1w0shrfxqwv95kk0v4cn34wylz25a2cmqkq5jpc0e2yrahhqava3qwt8k9fx,🟡 SINGLE_BENEFICIARY,yellow,Treasury withdrawal to a single address
gov_action1w0shrfxqwv95kk0v4cn34wylz25a2cmqkq5jpc0e2yrahhqava3qghg4q43,🟡 NO_DISCUSSION,yellow,No links to forum discussion or community feedback
gov_action1w0shrfxqwv95kk0v4cn34wylz25a2cmqkq5jpc0e2yrahhqava3qghg4q43,🟡 SINGLE_BENEFICIARY,yellow,Treasury withdrawal to a single address
gov_action1w0shrfxqwv95kk0v4cn34wylz25a2cmqkq5jpc0e2yrahhqava3qvczhx6t,🟡 NO_DISCUSSION,yellow,No links to forum discussion or community feedback
gov_action1w0shrfxqwv95kk0v4cn34wylz25a2cmqkq5jpc0e2yrahhqava3qvczhx6t,🟡 SINGLE_BENEFICIARY,yellow,Treasury withdrawal to a single address
gov_action10dp9wzmgt2nqshyrghufff4sfhcxedhmzluly5k0azguatnsthwqqs84cjf,🟡 NO_DISCUSSION,yellow,No links to forum discussion or community feedback
gov_action10dp9wzmgt2nqshyrghufff4sfhcxedhmzluly5k0azguatnsthwqqs84cjf,🟡 SINGLE_BENEFICIARY,yellow,Treasury withdrawal to a single address
gov_action1kj6ghzuz9wcq88f3y72cyyeekdcemlq0dqk4zpjd4eck5assuypqq0pckkw,🟡 SINGLE_BENEFICIARY,yellow,Treasury withdrawal to a single address
gov_action18u8lpkzge2csxe3plynn9lh4agwtv3nrqkyfwalwj4ykjv7l68jqqzmul9z,🟡 SINGLE_BENEFICIARY,yellow,Treasury withdrawal to a single address
gov_action14u26vcn3wmcnhc5pqrt6494ypugr7c7f3e2ns60r32cntl6zjtxsqqgeu8p,🟡 NO_DISCUSSION,yellow,No links to forum discussion or community feedback
gov_action14u26vcn3wmcnhc5pqrt6494ypugr7c7f3e2ns60r32cntl6zjtxsqqgeu8p,🟡 SINGLE_BENEFICIARY,yellow,Treasury withdrawal to a single address
gov_action19avrmrhm0gqa4qwlgvh4vxj6nwe02ay42h828cva2zt6n0asddfqqtgph5d,🟡 NO_DISCUSSION,yellow,No links to forum discussion or community feedback
gov_action19avrmrhm0gqa4qwlgvh4vxj6nwe02ay42h828cva2zt6n0asddfqqtgph5d,🟡 SINGLE_BENEFICIARY,yellow,Treasury withdrawal to a single address
gov_action1ggr2uz7prwn5l84cdn2krwngfez0p7wluy4u3u3ez9pz5ls2whesqnsjly8,🟡 SINGLE_BENEFICIARY,yellow,Treasury withdrawal to a single address
gov_action1guz68e8zkwphcdc8wnp40cclkv92qgnel7xnffmsmp2ljp09qtwqq596k4c,🟡 SINGLE_BENEFICIARY,yellow,Treasury withdrawal to a single address
gov_action1ttgs45ulfxs0jwkfrecystc3flduhszmyzk8wnd7yw5za77tsg9qq4afmus,🟡 NO_DISCUSSION,yellow,No links to forum discussion or community feedback
gov_action1ttgs45ulfxs0jwkfrecystc3flduhszmyzk8wnd7yw5za77tsg9qq4afmus,🟡 SINGLE_BENEFICIARY,yellow,Treasury withdrawal to a single address
gov_action1pv7g8d0x9f3kqw2gcfrmgl8aqy38jat05wx0wwcvdsvuuclss6xqqhpzemv,🟡 NO_DISCUSSION,yellow,No links to forum discussion or community feedback
gov_action1pv7g8d0x9f3kqw2gcfrmgl8aqy38jat05wx0wwcvdsvuuclss6xqqhpzemv,🟡 SINGLE_BENEFICIARY,yellow,Treasury withdrawal to a single address
gov_action1uzgqlh049u0j7epel29r425vyf9ttxmqwngw9kemyly0q6cwt5esqpwp09a,🟡 SINGLE_BENEFICIARY,yellow,Treasury withdrawal to a single address
gov_action1ngpqafax5rvp8lcgey4asvqtycrh4e56fwp8cn2r9trx2ysryhtsqdm3w3z,🟡 NO_DISCUSSION,yellow,No links to forum discussion or community feedback
gov_action1ngpqafax5rvp8lcgey4asvqtycrh4e56fwp8cn2r9trx2ysryhtsqdm3w3z,🟡 SINGLE_BENEFICIARY,yellow,Treasury withdrawal to a single address
gov_action1cp0w6zwgwpj98jtu3r2q838lgwmhs6j49l58zx4q05lx220lmzaqqztnljz,🟡 SINGLE_BENEFICIARY,yellow,Treasury withdrawal to a single address
gov_action142ndnn9hycuuwld5ddemash2l709ln06qjgfeudq77z45nf3fpdqqn7pwux,🟡 NO_DISCUSSION,yellow,No links to forum discussion or community feedback
gov_action142ndnn9hycuuwld5ddemash2l709ln06qjgfeudq77z45nf3fpdqqn7pwux,🟡 SINGLE_BENEFICIARY,yellow,Treasury withdrawal to a single address
gov_action18a9sytyez02jl8ee4ryz5xu7heg587m5tu6nr7fkd3ex30umnnjqq27e7ey,🟡 NO_DISCUSSION,yellow,No links to forum discussion or community feedback
gov_action18a9sytyez02jl8ee4ryz5xu7heg587m5tu6nr7fkd3ex30umnnjqq27e7ey,🟡 SINGLE_BENEFICIARY,yellow,Treasury withdrawal to a single address
gov_action1zljrlljt9cxlz7ra2nep43nxg0r54wcnrgexyuhuam9ah0ws607qq2vcg4x,🟡 NO_DISCUSSION,yellow,No links to forum discussion or community feedback
gov_action1zljrlljt9cxlz7ra2nep43nxg0r54wcnrgexyuhuam9ah0ws607qq2vcg4x,🟡 SINGLE_BENEFICIARY,yellow,Treasury withdrawal to a single address
gov_action1fah9m7dxu99af8jqdc4mkrgs3va790nyh9tfhycq2wsvrm47p4rsqtcm6ry,🟡 NO_DISCUSSION,yellow,No links to forum discussion or community feedback
gov_action1fah9m7dxu99af8jqdc4mkrgs3va790nyh9tfhycq2wsvrm47p4rsqtcm6ry,🟡 SINGLE_BENEFICIARY,yellow,Treasury withdrawal to a single address
gov_action1654yj97lf7guxsh27phtknq2tsc4dajp95fh7vrucaltjy0502csq7qtkhq,🟡 NO_DISCUSSION,yellow,No links to forum discussion or community feedback
gov_action1654yj97lf7guxsh27phtknq2tsc4dajp95fh7vrucaltjy0502csq7qtkhq,🟡 SINGLE_BENEFICIARY,yellow,Treasury withdrawal to a single address
gov_action1t5ap7etluvct2x69nj5mfqhurgakuvekyflcsrv2qkrhrs378n3qq3z2c22,🟡 NO_DISCUSSION,yellow,No links to forum discussion or community feedback
gov_action1lwudrf9g66mzlrxhq62y5pvzhzzv9wgps7u04kne202udge7kknsqlgmhse,🟡 NO_DISCUSSION,yellow,No links to forum discussion or community feedback
gov_action1lwudrf9g66mzlrxhq62y5pvzhzzv9wgps7u04kne202udge7kknsqlgmhse,🟡 SINGLE_BENEFICIARY,yellow,Treasury withdrawal to a single address
gov_action1suskjc6c4nw58c6wtmv77xe79gwj47wp4gvh9cqhhxujwxmam3cqqkz5nwj,🟡 NO_DISCUSSION,yellow,No links to forum discussion or community feedback
gov_action1suskjc6c4nw58c6wtmv77xe79gwj47wp4gvh9cqhhxujwxmam3cqqkz5nwj,🟡 SINGLE_BENEFICIARY,yellow,Treasury withdrawal to a single address
gov_action1k02990lhw6wh74t7c6ufw3mqaek9ujtvyan99dj5qv5kvcs7pn8sztttste,🟡 SINGLE_BENEFICIARY,yellow,Treasury withdrawal to a single address
gov_action1k02990lhw6wh74t7c6ufw3mqaek9ujtvyan99dj5qv5kvcs7pn8s5z9qdza,🟡 SINGLE_BENEFICIARY,yellow,Treasury withdrawal to a single address
gov_action1k02990lhw6wh74t7c6ufw3mqaek9ujtvyan99dj5qv5kvcs7pn8sj72rg72,🟡 SINGLE_BENEFICIARY,yellow,Treasury withdrawal to a single address
gov_action1k02990lhw6wh74t7c6ufw3mqaek9ujtvyan99dj5qv5kvcs7pn8ssd0ztd8,🟡 SINGLE_BENEFICIARY,yellow,Treasury withdrawal to a single address
gov_action1k02990lhw6wh74t7c6ufw3mqaek9ujtvyan99dj5qv5kvcs7pn8sw64d667,🟡 SINGLE_BENEFICIARY,yellow,Treasury withdrawal to a single address
gov_action1k02990lhw6wh74t7c6ufw3mqaek9ujtvyan99dj5qv5kvcs7pn8svfsvefn,🟡 SINGLE_BENEFICIARY,yellow,Treasury withdrawal to a single address
gov_action1k02990lhw6wh74t7c6ufw3mqaek9ujtvyan99dj5qv5kvcs7pn8s24l0u4y,🟡 SINGLE_BENEFICIARY,yellow,Treasury withdrawal to a single address
gov_action1k02990lhw6wh74t7c6ufw3mqaek9ujtvyan99dj5qv5kvcs7pn8sgx6wlxf,🟡 SINGLE_BENEFICIARY,yellow,Treasury withdrawal to a single address
gov_action1k02990lhw6wh74t7c6ufw3mqaek9ujtvyan99dj5qv5kvcs7pn8sxypfkyr,🟡 SINGLE_BENEFICIARY,yellow,Treasury withdrawal to a single address
gov_action1k02990lhw6wh74t7c6ufw3mqaek9ujtvyan99dj5qv5kvcs7pn8syhyg4hw,🟡 SINGLE_BENEFICIARY,yellow,Treasury withdrawal to a single address
gov_action1k02990lhw6wh74t7c6ufw3mqaek9ujtvyan99dj5qv5kvcs7pn8sqcw2nc5,🟡 SINGLE_BENEFICIARY,yellow,Treasury withdrawal to a single address
gov_action1pa6a6yd7pdaxed9nqkshtvtu7jmqe5c8cpf0ej4lnatjj588qkpsq2x2sz2,🟡 NO_DISCUSSION,yellow,No links to forum discussion or community feedback
gov_action1pa6a6yd7pdaxed9nqkshtvtu7jmqe5c8cpf0ej4lnatjj588qkpsq2x2sz2,🟡 SINGLE_BENEFICIARY,yellow,Treasury withdrawal to a single address
gov_action1fdatlfcdnzzcw5x9pnt9r42v992nqw65zze57s8tyk0jll78eyusqccn9gc,🟡 NO_DISCUSSION,yellow,No links to forum discussion or community feedback
gov_action1fdatlfcdnzzcw5x9pnt9r42v992nqw65zze57s8tyk0jll78eyusqccn9gc,🟡 SINGLE_BENEFICIARY,yellow,Treasury withdrawal to a single address
gov_action1xk6yrz0tg72a2a63ytd99gapz46nlqlavckarleqt6nr8lyekd8qqp0ga3d,🟡 SINGLE_BENEFICIARY,yellow,Treasury withdrawal to a single address
gov_action1mr0qdz2jmagvsch6r08fhqvq6vu8jakt4c8m9s7ea7z0p740vntqq4yjd6j,🟡 SINGLE_BENEFICIARY,yellow,Treasury withdrawal to a single address
gov_action12sumv9qky4pkenmqp7gshv9nxqdk9zyn8gkd77fewkyy3t5tnxtsq457vgq,🟡 NO_DISCUSSION,yellow,No links to forum discussion or community feedback
gov_action12sumv9qky4pkenmqp7gshv9nxqdk9zyn8gkd77fewkyy3t5tnxtsq457vgq,🟡 SINGLE_BENEFICIARY,yellow,Treasury withdrawal to a single address
gov_action1xg69v73lfzkwyhhuz583x6geyc2ewn3r96sxuqj3wqvrrk0yfpksqqa63yc,🟡 SINGLE_BENEFICIARY,yellow,Treasury withdrawal to a single address
gov_action1cpnqmlgpkz3dnwnm4spqzsmsp93y9mr4vqcm2ltcpqyyf7a7nszsq4h586r,🟡 SINGLE_BENEFICIARY,yellow,Treasury withdrawal to a single address
gov_action15atytcy8ru7mkcs8m7r8mx7k5x36t0h6grtgmak6v5wmf4nq07lsqhakceq,🟡 NO_DISCUSSION,yellow,No links to forum discussion or community feedback
gov_action1mlvplrdk2t7eyclqeca77ppmfq3sghkr5hdppjqhdqdd573r7q6qqms7jwt,🟡 SINGLE_BENEFICIARY,yellow,Treasury withdrawal to a single address
a75645e0871f3dbb6207df867d9bd6a1a3a5befa40d68df6da651db4d6607fbf#0,🟡 NO_DISCUSSION,yellow,No links to forum discussion or community feedback
5439b6141625436ccf600f910bb0b3301b6288933a2cdf7939758848ae8b9997#0,🟡 NO_DISCUSSION,yellow,No links to forum discussion or community feedback
4b7abfa70d98858750c50cd651d54c2955303b5410b34f40eb259f2fffc7c939#0,🟡 NO_DISCUSSION,yellow,No links to forum discussion or community feedback
0f75dd11be0b7a6cb4b305a175b17cf4b60cd307c052fccabf9f572950e70583#0,🟡 NO_DISCUSSION,yellow,No links to forum discussion or community feedback
8721696358acdd43e34e5ed9ef1b3e2a1d2af9c1aa1972e017b9b9271b7ddc70#0,🟡 NO_DISCUSSION,yellow,No links to forum discussion or community feedback
fbb8d1a4a8d6b62f8cd706944a0582b884c2b90187b8fada7953d5c6a33eb5a7#0,🟡 NO_DISCUSSION,yellow,No links to forum discussion or community feedback
d52a4917df4f91c342eaf06ebb4c0a5c3156f6412d137f307cc77eb911f47ab1#0,🟡 NO_DISCUSSION,yellow,No links to forum discussion or community feedback
5d3a1f657fe330b51b459ca9b482fc1a3b6e3336227f880d8a058771c23e3ce2#0,🟡 NO_DISCUSSION,yellow,No links to forum discussion or community feedback
4f6e5df9a6e14bd49e406e2bbb0d108b3be2be64b9569b930053a0c1eebe0d47#0,🟡 NO_DISCUSSION,yellow,No links to forum discussion or community feedback
17e43ffe4b2e0df1787d54f21ac66643c74abb131a326272fceecbdbbdd0d3fc#0,🟡 NO_DISCUSSION,yellow,No links to forum discussion or community feedback
3f4b022c9913d52f9f39a8c82a1b9ebe5143fb745f3531f9366c7268bf9b9ce4#0,🟡 NO_DISCUSSION,yellow,No links to forum discussion or community feedback
aaa6d9ccb72639c77db46b73bec2eaff9e5fcdfa04909cf1a0f7855a4d31485a#0,🟡 NO_DISCUSSION,yellow,No links to forum discussion or community feedback
9a020ea7a6a0d813ff08c92bd8300b26077ae69a4b827c4d432ac665120325d7#0,🟡 NO_DISCUSSION,yellow,No links to forum discussion or community feedback
0b3c83b5e62a63603948c247b47cfd012279756fa38cf73b0c6c19ce63f0868c#0,🟡 NO_DISCUSSION,yellow,No links to forum discussion or community feedback
5ad10ad39f49a0f93ac91e70482f114fdbcbc05b20ac774dbe23a82efbcb820a#0,🟡 NO_DISCUSSION,yellow,No links to forum discussion or community feedback
2f583d8efb7a01da81df432f561a5a9bb2f5749555cea3e19d5097a9bfb06b52#0,🟡 NO_DISCUSSION,yellow,No links to forum discussion or community feedback
af15a6627176f13be28100d7aa96a40f103f63c98e553869e38ab135ff4292cd#0,🟡 NO_DISCUSSION,yellow,No links to forum discussion or community feedback
7b42570b685aa6085c8345f894a6b04df06cb6fb17f9f252cfe891ceae705ddc#0,🟡 NO_DISCUSSION,yellow,No links to forum discussion or community feedback
73e171a4c0730b4b59ecae271ab89f12a9d56360b02920e1f95107dbdc1d6762#5,🟡 NO_DISCUSSION,yellow,No links to forum discussion or community feedback
73e171a4c0730b4b59ecae271ab89f12a9d56360b02920e1f95107dbdc1d6762#6,🟡 NO_DISCUSSION,yellow,No links to forum discussion or community feedback
73e171a4c0730b4b59ecae271ab89f12a9d56360b02920e1f95107dbdc1d6762#3,🟡 NO_DISCUSSION,yellow,No links to forum discussion or community feedback
73e171a4c0730b4b59ecae271ab89f12a9d56360b02920e1f95107dbdc1d6762#2,🟡 NO_DISCUSSION,yellow,No links to forum discussion or community feedback
73e171a4c0730b4b59ecae271ab89f12a9d56360b02920e1f95107dbdc1d6762#1,🟡 NO_DISCUSSION,yellow,No links to forum discussion or community feedback
73e171a4c0730b4b59ecae271ab89f12a9d56360b02920e1f95107dbdc1d6762#8,🟡 NO_DISCUSSION,yellow,No links to forum discussion or community feedback
73e171a4c0730b4b59ecae271ab89f12a9d56360b02920e1f95107dbdc1d6762#7,🟡 NO_DISCUSSION,yellow,No links to forum discussion or community feedback
73e171a4c0730b4b59ecae271ab89f12a9d56360b02920e1f95107dbdc1d6762#4,🟡 NO_DISCUSSION,yellow,No links to forum discussion or community feedback
73e171a4c0730b4b59ecae271ab89f12a9d56360b02920e1f95107dbdc1d6762#0,🟡 NO_DISCUSSION,yellow,No links to forum discussion or community feedback
bd91fa7ea9b4e09f76cbde3abb0b564ffc60b27e18af464ccec9bef9c718d087#0,🟡 NO_DISCUSSION,yellow,No links to forum discussion or community feedback
b518efa466593906ab388f978b3695449809aacdf28d2aaf4eb5ba16b3c24a1e#0,🟡 NO_DISCUSSION,yellow,No links to forum discussion or community feedback
e5c4d7ebaad03ac127ec19a286605a188d6fea1c54e075c619ca6993b7fa9fd1#0,🟡 NO_DISCUSSION,yellow,No links to forum discussion or community feedback
2f2fc2539dde550d3c83bea67c11b03861407976bbe8d07c5b0e124aa8a12baa#0,🟡 NO_DISCUSSION,yellow,No links to forum discussion or community feedback
73a4eb2148781c37ef37c90a33a1d3d00511a8eefe9cdfaa1ea593b090f23f96#0,🟡 NO_DISCUSSION,yellow,No links to forum discussion or community feedback
4b10e5793208cb8f228756e02113227c91602248eac4d992681a0ee760b6c4e2#0,🔴 NO_METADATA,red,Anchor URL missing or could not be resolved
dc4c679c8cf1cec49817d4d2c1c96cd802ec8a047a11dc0b0bb125b5af0a76cd#0,🟡 NO_DISCUSSION,yellow,No links to forum discussion or community feedback
a633504ddc47a852c4ae033c750597d011a3daf00a0f6bbd48de4c52ef1022dc#0,🟡 NO_DISCUSSION,yellow,No links to forum discussion or community feedback
91a79f5c934b7c91e3027736d565080c2b6611fb8484b1156fdf16121fcfb410#0,🟡 NO_DISCUSSION,yellow,No links to forum discussion or community feedback
4dab331457b61b824bbc6ba4b9d9be4750e25c0b5dd42207aeb63c7431a6b704#0,🟡 NO_DISCUSSION,yellow,No links to forum discussion or community feedback
d16dffbae9d86a73cb343506e6712d79c278096dc25e8ba6900eb24522726bba#0,🟡 NO_DISCUSSION,yellow,No links to forum discussion or community feedback
8f54d021c6e6fcdd5a4908f10a7b092fa31cd94db2e809f2e06d7ffa4d78773d#0,🟡 NO_DISCUSSION,yellow,No links to forum discussion or community feedback
3285b7fd0da16d21e0b8f8910c37f77e17a57cfff8f513df4baf692954801088#0,🟡 NO_DISCUSSION,yellow,No links to forum discussion or community feedback
03f671791fd97011f30e4d6b76c9a91f4f6bcfb60ee37e5399b9545bb3f2757a#0,🟡 NO_DISCUSSION,yellow,No links to forum discussion or community feedback
c882f194684d672316212f01efc6d28177e8965b7cd6956981fe37cc6715961e#0,🟡 NO_DISCUSSION,yellow,No links to forum discussion or community feedback
996edfe370b8e51be73541e75499a818461305e37c7fa0c1b193f2c587167cc7#0,🟡 NO_DISCUSSION,yellow,No links to forum discussion or community feedback
e5643c33f608642e329228a968770e5b19ef5f48ff1f698712e2ce864a49e3f0#0,🟡 NO_DISCUSSION,yellow,No links to forum discussion or community feedback
90cf51975f9c19c291bac3e57364a89507e64daa0a2d35e356f87e6684821556#0,🟡 NO_DISCUSSION,yellow,No links to forum discussion or community feedback
207b226e110e13bb18b119fcd313520e0fcd060b2bc9fb9a5e5bc6e94ab10f3b#0,🟡 NO_DISCUSSION,yellow,No links to forum discussion or community feedback
1d6aea56e6a523b13e03ae30ff24ebf9852543b4f7d415c7e50f55f6baaa4e3d#0,🟡 NO_DISCUSSION,yellow,No links to forum discussion or community feedback
4ff43f1eab5252ef00ba6f1429dc23715e3899834f10c067e8065c8364d5559a#0,🟡 NO_DISCUSSION,yellow,No links to forum discussion or community feedback
47a0e7a4f9383b1afc2192b23b41824d65ac978d7741aca61fc1fa16833d1111#0,🟡 NO_DISCUSSION,yellow,No links to forum discussion or community feedback
495bd3cd44ea6bc0b4c2dbb1e4cdc7e214874c2c07490a4e2476a627ef911280#0,🟡 NO_DISCUSSION,yellow,No links to forum discussion or community feedback
60ed6ab43c840ff888a8af30a1ed27b41e9f4a91a89822b2b63d1bfc52aeec45#0,🟡 NO_DISCUSSION,yellow,No links to forum discussion or community feedback
defbf15b06092718adf4befeab982e03d2966b9caeef93c19e470549ef75ea49#0,🟡 NO_DISCUSSION,yellow,No links to forum discussion or community feedback
637e3c256da9c1350847ca3211e8c44e3660a4471e8b6f68a8c537746b4aeb73#0,🟡 NO_DISCUSSION,yellow,No links to forum discussion or community feedback
4840e305563327358cf70dae5015b2df8f8c35cef03f74521d4f117ac17bc384#0,🔴 HASH_MISMATCH,red,Metadata content hash does not match on-chain anchor hash
4840e305563327358cf70dae5015b2df8f8c35cef03f74521d4f117ac17bc384#0,🟡 NO_DISCUSSION,yellow,No links to forum discussion or community feedback
bd488931f792651fefa9c6fda185a2c6cec83245b51d994e33090ce36e29cc26#0,🟡 NO_DISCUSSION,yellow,No links to forum discussion or community feedback
7d9fc9fe4cee64fb34e57783378ac869a85c78d6fbcd4078ed131ab6fa3c7db6#0,🟡 NO_DISCUSSION,yellow,No links to forum discussion or community feedback
9b62b3c632f329016a968ac25211825bb4f84b12461121c7da3aa11df92370f9#0,🟡 NO_DISCUSSION,yellow,No links to forum discussion or community feedback
8c653ee5c9800e6d31e79b5a7f7d4400c81d44717ad4db633dc18d4c07e4a4fd#0,🟡 NO_DISCUSSION,yellow,No links to forum discussion or community feedback
51f495aa23f4b3b3aa90afde4a0e67823bb7ac4ac65f5ffbb138373b863f2f74#0,🔴 NO_METADATA,red,Anchor URL missing or could not be resolved
7fd6429add8f2611ad8d48c0cc49101463093aec285faea402e8cfde78ea58d7#0,🟡 NO_DISCUSSION,yellow,No links to forum discussion or community feedback
59fd353253eb177e2104e8f23ea4c63e3d32ef95c7865d03e90d3884424dc1db#0,🟡 NO_DISCUSSION,yellow,No links to forum discussion or community feedback
15f82a365bdee483a4b03873a40d3829cc88c048ff3703e11bd01dd9e035c916#0,🔴 HASH_MISMATCH,red,Metadata content hash does not match on-chain anchor hash
15f82a365bdee483a4b03873a40d3829cc88c048ff3703e11bd01dd9e035c916#0,🟡 SPARSE_RATIONALE,yellow,Rationale under 200 characters
15f82a365bdee483a4b03873a40d3829cc88c048ff3703e11bd01dd9e035c916#0,🟡 NO_DISCUSSION,yellow,No links to forum discussion or community feedback
2f429bde312c0806bd16199da10f4145da9807161e99d4486174c6fb9a91f983#0,🟡 NO_DISCUSSION,yellow,No links to forum discussion or community feedback
