action_id,tx_hash,cert_index,action_type,status,proposed_epoch,expiration_epoch,deposit_lovelace,return_address,anchor_url,anchor_hash,metadata_title,metadata_hash_valid,proposer_address,param_changes,treasury_amount_lovelace,drep_yes_pct,drep_no_pct,drep_abstain_pct,spo_yes_pct,spo_no_pct,spo_abstain_pct,cc_yes,cc_no,cc_abstain,flag_score,first_seen,last_updated
gov_action1xg69v73lfzkwyhhuz583x6geyc2ewn3r96sxuqj3wqvrrk0yfpksqqa63yc,3234567a3f48ace25efc150f1369192615974e232ea06e0251701831d9e4486d,0,TreasuryWithdrawals,active,640,647,100000000000,stake1uxlvah74gljhkhehgh5u5dywmuljtm2v068nh7prgpp4uxcf5r9dg,ipfs://QmcZPndRnPR3giqybj1u24VVFx5q4csN9uYHuFCtT38uqD,e6b117c2522a69b1b693dd863181aa42b86d71fc928b5b5d40cc906d43515500,"Scalus 2026: Maintenance, Dijkstra Readiness, Interoperability & Application Runtime",1,,,2464844000000,1.69,98.31,,0.0,0.0,,0,0,0,4,2026-06-29T17:00:01.588683+00:00,2026-07-05T11:30:04.293384+00:00
gov_action1mlvplrdk2t7eyclqeca77ppmfq3sghkr5hdppjqhdqdd573r7q6qqms7jwt,dfd81f8db652fd9263e0ce3bef043b4823045ec3a5da10c817681ada7a23f034,0,TreasuryWithdrawals,active,640,647,100000000000,stake1u8xvfz9ycfyn7uenfnhljpnupqcdxmh6excx6hjrmvfjspsf6q5p8,ipfs://QmZwHmFoyhd18WMRhv9356CXfbUqjkPsKKGZtCpVLaWgcU,f95bd74697b3499760bc768b7400d9c1f57d3ff447e1c51cb9f0ec24a94c782b,Bifrost: Unlocking Bitcoin DeFi on Cardano — Road to Mainnet (Phase 1 of 2),1,,,12332031000000,0.16,99.84,,0.0,0.0,,0,0,0,4,2026-07-03T21:00:02.028723+00:00,2026-07-05T11:30:04.293384+00:00
gov_action1cpnqmlgpkz3dnwnm4spqzsmsp93y9mr4vqcm2ltcpqyyf7a7nszsq4h586r,c0660dfd01b0a2d9ba7bac02014370096242ec756031b57d78080844fbbe9c05,0,TreasuryWithdrawals,active,640,647,100000000000,stake1u8453de8xhhqa9c4ftvylkke8we84tmaq5hz75qwfgaaf2qac45ja,https://most-brass-sun.quicknode-ipfs.com/ipfs/QmcYmPjBjNMz4fuSJcyFmBRuCHuoGcQjvwRELsEm4DW1YD,d2d4bf0c17716b9ce7cb8cae1d85af45c236fd64a142a367e030115521a558cf,Global Order Book connect Cardano DeFi to increase transaction,1,,,3333000000000,1.13,98.87,,0.0,0.0,,0,0,0,4,2026-06-30T11:30:07.591683+00:00,2026-07-05T11:30:04.293384+00:00
gov_action15atytcy8ru7mkcs8m7r8mx7k5x36t0h6grtgmak6v5wmf4nq07lsqhakceq,a75645e0871f3dbb6207df867d9bd6a1a3a5befa40d68df6da651db4d6607fbf,0,InfoAction,active,640,647,100000000000,stake1u8c9lgcnx2n47m9t2ccufra270d9vfp4updxmgndv4f7hyg8mykgg,ipfs://QmXFz2SrMXustcHZzmg6kz3vXRThebgyZ4pChF9grxqqMD,d420037401626f4db20a255ca52d9d39764f68edfdc02686007cf9c731564f88,Net Change Limit: Cardano Treasury (Epochs 613-713),1,,,,6.83,93.17,,0.39,99.61,,0,0,0,3,2026-07-02T17:00:02.064972+00:00,2026-07-05T11:30:04.293384+00:00
gov_action1xk6yrz0tg72a2a63ytd99gapz46nlqlavckarleqt6nr8lyekd8qqp0ga3d,35b44189eb4795d5775122da52a3a115753f83fd662dd1ff205ea633fc99b34e,0,TreasuryWithdrawals,active,639,646,100000000000,stake1uy8vr53guapag0rfvwnumlteyls8agysvrv87pdgukp8cugm6qjgj,ipfs://QmYVmiR5xqF5kTW55EazGVsC5rsBxPno94m1sDu4SFndMc,1a25307b01b45cc3a13a33c21a9048a0c7672178f776d36154f78ac7b289fb1c,"Withdraw 4,969,231 ada for Cardano Enterprise Adoption: Ticketing Platform",1,,,4969231000000,3.74,96.26,,0.0,0.0,,0,0,0,4,2026-06-24T21:00:01.900671+00:00,2026-07-05T11:30:04.293384+00:00
gov_action1pa6a6yd7pdaxed9nqkshtvtu7jmqe5c8cpf0ej4lnatjj588qkpsq2x2sz2,0f75dd11be0b7a6cb4b305a175b17cf4b60cd307c052fccabf9f572950e70583,0,TreasuryWithdrawals,active,639,646,100000000000,stake1u8f6k4wsxg3nu8v99v3k7n42xv8wqw6rcft3wslpxmqvstgn25p70,https://raw.githubusercontent.com/sundial-protocol/alchemy-proposal/d5460de0ed4af81602c44b65567dd8a54cf1c61c/data.jsonld,c267ddd7a68d723104c27ab9e9101b9cdc2b767496fb3d7cbd6b947a1917214e,Alchemy by Sundial x Charms: Cardano-Native Bitcoin Treasury Protocol,1,,,10000000000000,1.04,98.96,,0.0,0.0,,0,0,0,7,2026-06-24T05:00:01.938278+00:00,2026-07-05T11:30:04.293384+00:00
gov_action1mr0qdz2jmagvsch6r08fhqvq6vu8jakt4c8m9s7ea7z0p740vntqq4yjd6j,d8de068952df50c862fa1bce9b8180d3387976cbae0fb2c3d9ef84f0faaf64d6,0,TreasuryWithdrawals,active,639,646,100000000000,stake1u85was6qks0exltkfl74clay4p6l272ry6kpkgweyfs7vtcvaj7xm,ipfs://QmdWtCCvK6CJUzP4SFiuL5W8hg3eNr5LyngJHnwjoNxJey,d53fb4d05888001d60d03f5bca438f9cff434c441a9743d5ba898c3a17464c45,Se7en Labs: Daedalus Wallet Maintenance and Improvements 2026-2027,1,,,1785333000000,16.99,83.01,,0.0,0.0,,0,0,0,4,2026-06-25T01:00:01.922422+00:00,2026-07-05T11:30:04.293384+00:00
gov_action1fdatlfcdnzzcw5x9pnt9r42v992nqw65zze57s8tyk0jll78eyusqccn9gc,4b7abfa70d98858750c50cd651d54c2955303b5410b34f40eb259f2fffc7c939,0,TreasuryWithdrawals,active,639,646,100000000000,stake1uymdrk3whg82qfvwcw2avzy9zud95sx3w0sfyfsr5td445ccujqn6,ipfs://QmT8VE8KBqPUYRpev2jybiMENhPrDh9gwjoNW9Pmgw4ffj,f7ec2c08c624012b41fc101a8da8687e5bc7d395bf39467b14e11e7387362735,Cardano Builder DAO,1,,,20000000000000,4.17,95.83,,0.0,0.0,,0,0,0,7,2026-06-24T17:00:01.229615+00:00,2026-07-05T11:30:04.293384+00:00
gov_action12sumv9qky4pkenmqp7gshv9nxqdk9zyn8gkd77fewkyy3t5tnxtsq457vgq,5439b6141625436ccf600f910bb0b3301b6288933a2cdf7939758848ae8b9997,0,TreasuryWithdrawals,active,639,646,100000000000,stake1uy7ucfwsxtv36lz2drg4nw538xswshmg9pw8h2yzqd4qrzgzhyrsg,ipfs://QmYiT1K8KUr5wvAEkuLmiFJm79oy9pZ8CB3PbToAUePDYp,775d70c9fc9589ee2531e1e7b9ed3f6d9a3ff1e0a600fb35dce5412b60bbd275,Blockfrost's transformation to not-for-profit,1,,,9832979000000,2.32,97.68,,0.0,0.0,,0,0,0,7,2026-06-26T17:00:01.820643+00:00,2026-07-05T11:30:04.293384+00:00
gov_action1k02990lhw6wh74t7c6ufw3mqaek9ujtvyan99dj5qv5kvcs7pn8sztttste,b3d452bff7769d7f557ec6b8974760ee6c5e496c276652b654032966621e0ccf,1,TreasuryWithdrawals,active,638,645,100000000000,stake1uyvjdz9rxsfsmv44rtk75k2rqyqskrga96dgdfrqjvjjpwsefcjnp,ipfs://bafkreie3kt3363c47zgywymkz6sb5ae7b7i5ljepn3pmhjdjlpwuwptngi,d0b8795def551d7ca7eafd6c19de85064d78dbea75cb924e5b7d41abf1025fff,"Withdraw 540,750 ada for by TxPipe Dolos: Maintaining Cardano's Lightweight D...",1,,,540750000000,39.62,60.38,,0.0,0.0,,0,0,0,4,2026-06-23T17:00:01.584060+00:00,2026-07-05T11:30:04.293384+00:00
gov_action1k02990lhw6wh74t7c6ufw3mqaek9ujtvyan99dj5qv5kvcs7pn8syhyg4hw,b3d452bff7769d7f557ec6b8974760ee6c5e496c276652b654032966621e0ccf,2,TreasuryWithdrawals,active,638,645,100000000000,stake1uyvjdz9rxsfsmv44rtk75k2rqyqskrga96dgdfrqjvjjpwsefcjnp,ipfs://bafkreidws5xwzccvn6lqlqroqmkdhob4uop6k7mvrrjbs5gaxskevkerbe,4c9c23982902b87120f15dcbfdd3c77e31fcfcfcefa1eab126f8e1e33ddd0ede,"Withdraw 1,310,960 ada for Hardware Wallet Maintenance 2026",1,,,1310960000000,34.99,65.01,,0.0,0.0,,0,0,0,4,2026-06-23T17:00:01.584060+00:00,2026-07-05T11:30:04.293384+00:00
gov_action1k02990lhw6wh74t7c6ufw3mqaek9ujtvyan99dj5qv5kvcs7pn8sxypfkyr,b3d452bff7769d7f557ec6b8974760ee6c5e496c276652b654032966621e0ccf,3,TreasuryWithdrawals,active,638,645,100000000000,stake1uyvjdz9rxsfsmv44rtk75k2rqyqskrga96dgdfrqjvjjpwsefcjnp,ipfs://bafkreifcdcyszxluac2norfjt7shba7uycplnwrkzr2ebkbpdxvpwo6unq,396950b2c79b7ba5e312dbd432fa8e8a3e65f52856c512aab5ade4c638092f22,"Withdraw 1,193,000 ada for Intersect Technical Steering Committee Support",1,,,1193000000000,32.93,67.07,,0.0,0.0,,0,0,0,4,2026-06-23T17:00:01.584060+00:00,2026-07-05T11:30:04.293384+00:00
gov_action1k02990lhw6wh74t7c6ufw3mqaek9ujtvyan99dj5qv5kvcs7pn8sw64d667,b3d452bff7769d7f557ec6b8974760ee6c5e496c276652b654032966621e0ccf,7,TreasuryWithdrawals,active,638,645,100000000000,stake1uyvjdz9rxsfsmv44rtk75k2rqyqskrga96dgdfrqjvjjpwsefcjnp,ipfs://bafkreicf3r76m64xzy4jqhfbbhmzwpjz2qcw7q27hzjm3r7eo24lbxr7li,61d9b3fc86cca0f4a4e388ada992d8d90caf7168ee7c9fe661fae414f547e844,"Withdraw 540,750 ada for Oura by TxPipe: Maintaining Cardano’s Event Pipeline",1,,,540750000000,37.96,62.04,,0.0,0.0,,0,0,0,4,2026-06-23T17:00:01.584060+00:00,2026-07-05T11:30:04.293384+00:00
gov_action1k02990lhw6wh74t7c6ufw3mqaek9ujtvyan99dj5qv5kvcs7pn8svfsvefn,b3d452bff7769d7f557ec6b8974760ee6c5e496c276652b654032966621e0ccf,6,TreasuryWithdrawals,active,638,645,100000000000,stake1uyvjdz9rxsfsmv44rtk75k2rqyqskrga96dgdfrqjvjjpwsefcjnp,ipfs://bafkreidixjkquc6xtimbbdwet2klabcdzbt6kduktlca2ywl3slpqlgx2q,7ef041d793612ddcf163127fcdb33d4188330f77fa283bda449481a47314e3f6,"Withdraw 1,162,746 ada for MLabs Core Tool Maintenance & Enhancement: Plutarc...",1,,,1162746000000,34.45,65.55,,0.0,0.0,,0,0,0,4,2026-06-23T17:00:01.584060+00:00,2026-07-05T11:30:04.293384+00:00
gov_action1k02990lhw6wh74t7c6ufw3mqaek9ujtvyan99dj5qv5kvcs7pn8ssd0ztd8,b3d452bff7769d7f557ec6b8974760ee6c5e496c276652b654032966621e0ccf,8,TreasuryWithdrawals,active,638,645,100000000000,stake1uyvjdz9rxsfsmv44rtk75k2rqyqskrga96dgdfrqjvjjpwsefcjnp,ipfs://bafkreicg6l7ug42xjsai4p7smkwqt4ly4zuzy65weenhiwehgub7mcbg4i,fdad51adb75ed4039af0c86b1048c38d82c54b2d14af001ca8f1b592cf6e8c11,"Withdraw 540,750 ada for Pallas by TxPipe: Maintaining Cardano's Core Rust Li...",1,,,540750000000,39.12,60.88,,0.0,0.0,,0,0,0,4,2026-06-23T17:00:01.584060+00:00,2026-07-05T11:30:04.293384+00:00
gov_action1k02990lhw6wh74t7c6ufw3mqaek9ujtvyan99dj5qv5kvcs7pn8sqcw2nc5,b3d452bff7769d7f557ec6b8974760ee6c5e496c276652b654032966621e0ccf,0,TreasuryWithdrawals,active,638,645,100000000000,stake1uyvjdz9rxsfsmv44rtk75k2rqyqskrga96dgdfrqjvjjpwsefcjnp,ipfs://bafkreie2tzzdv7w4b2rplt3ng47abfyutra2agiyqdlxvgexpljdvkaezm,7026fbe6411338673aa859e31bce8ae707566eff26de9b290db70d06e59b258f,"Withdraw 3,961,538 ada for Bringing Real-World Payments to Cardano with Wirex",1,,,3961538000000,28.14,71.86,,0.0,0.0,,0,0,0,4,2026-06-23T17:00:01.584060+00:00,2026-07-05T11:30:04.293384+00:00
gov_action1k02990lhw6wh74t7c6ufw3mqaek9ujtvyan99dj5qv5kvcs7pn8sj72rg72,b3d452bff7769d7f557ec6b8974760ee6c5e496c276652b654032966621e0ccf,9,TreasuryWithdrawals,active,638,645,100000000000,stake1uyvjdz9rxsfsmv44rtk75k2rqyqskrga96dgdfrqjvjjpwsefcjnp,ipfs://bafkreidzymldukq7tuixvvwpwdqizfuz3pgtuon4b46pwjdciuxsordbue,9bae52227b542364950023dcbd958f4198443a55d2a3cb4bf6f75fdd7888555f,"Withdraw 1,684,050 ada for Tx3 by TxPipe: Open API Layer for Cardano's dApp P...",1,,,1684050000000,38.3,61.7,,0.0,0.0,,0,0,0,4,2026-06-23T17:00:01.584060+00:00,2026-07-05T11:30:04.293384+00:00
gov_action1k02990lhw6wh74t7c6ufw3mqaek9ujtvyan99dj5qv5kvcs7pn8sgx6wlxf,b3d452bff7769d7f557ec6b8974760ee6c5e496c276652b654032966621e0ccf,4,TreasuryWithdrawals,active,638,645,100000000000,stake1uyvjdz9rxsfsmv44rtk75k2rqyqskrga96dgdfrqjvjjpwsefcjnp,ipfs://bafkreibk6uedirxck6snc6lozidgc77gu322rvdn572xjfpt6iyql4qe6i,9130db2497759698cad480adb9784ad83387936d4aa7652dcf85104f03ff94ba,"Withdraw 25,400,000 ada for Intersect: Governance coordination and technical ...",1,,,25400000000000,31.18,68.82,,0.0,0.0,,0,0,0,4,2026-06-23T17:00:01.584060+00:00,2026-07-05T11:30:04.293384+00:00
gov_action1k02990lhw6wh74t7c6ufw3mqaek9ujtvyan99dj5qv5kvcs7pn8s5z9qdza,b3d452bff7769d7f557ec6b8974760ee6c5e496c276652b654032966621e0ccf,10,TreasuryWithdrawals,active,638,645,100000000000,stake1uyvjdz9rxsfsmv44rtk75k2rqyqskrga96dgdfrqjvjjpwsefcjnp,ipfs://bafkreie4xwthsxjris2oc6sbmhspo757t6zdnyiyd6o4d7zyxs6vh5bzmy,bd2b580b8a5e047ae066a4e9e906a3780c95f2d0cc6ec5b69074e12734bf683b,"Withdraw 540,750 ada for UTxO RPC by TxPipe: Maintaining Cardano’s Integratio...",1,,,540750000000,40.18,59.82,,0.0,0.0,,0,0,0,4,2026-06-23T17:00:01.584060+00:00,2026-07-05T11:30:04.293384+00:00
gov_action1k02990lhw6wh74t7c6ufw3mqaek9ujtvyan99dj5qv5kvcs7pn8s24l0u4y,b3d452bff7769d7f557ec6b8974760ee6c5e496c276652b654032966621e0ccf,5,TreasuryWithdrawals,active,638,645,100000000000,stake1uyvjdz9rxsfsmv44rtk75k2rqyqskrga96dgdfrqjvjjpwsefcjnp,ipfs://bafkreibk6hukcc2ou2aabwau6a6xcaqn7mwo2vj2wzpk723yxlmdn2dcra,c8700afb0a090e80de6e3924e97b160ea174ecab35bfe2d786ad26c47cd1a0fb,"Withdraw 3,810,423 ada for Mithril Protocol",1,,,3810423000000,35.92,64.08,,0.0,0.0,,0,0,0,4,2026-06-23T17:00:01.584060+00:00,2026-07-05T11:30:04.293384+00:00
gov_action1suskjc6c4nw58c6wtmv77xe79gwj47wp4gvh9cqhhxujwxmam3cqqkz5nwj,8721696358acdd43e34e5ed9ef1b3e2a1d2af9c1aa1972e017b9b9271b7ddc70,0,TreasuryWithdrawals,active,637,644,100000000000,stake1uxuqpzj33wylrzld8h602tpjj0sv0w6753lvxavgghj39yslx3lfv,ipfs://QmYM4nuNZTVMiMmvCr7mntct7YE1VgWyLgxGhyfWptgFgC,14534696e4b6c02f210e50dc4813ee8d5a5518837bbff82cb4f180599c4b0bcc,Strike Finance Liquidity Deployment,1,,,9000000000000,8.02,91.98,,0.0,0.0,,0,0,0,7,2026-06-18T21:00:02.024158+00:00,2026-07-05T11:30:04.293384+00:00
gov_action1lwudrf9g66mzlrxhq62y5pvzhzzv9wgps7u04kne202udge7kknsqlgmhse,fbb8d1a4a8d6b62f8cd706944a0582b884c2b90187b8fada7953d5c6a33eb5a7,0,TreasuryWithdrawals,active,637,644,100000000000,stake1ux0uusq33auzyekl6x566a886ltgzw0n6l2nl9yv2fpe74gt48ert,ipfs://QmQ6cDaLLeBMnf1zio7Xn8jV8uTUk68tPirx5uKH6HLr3L,8021a950826f251399495e5d370c4998723dd7dca2457b06c15ef218ba93df6a,Eternl: Path to Sustainability - v2,1,,,2350000000000,31.49,68.51,,0.0,0.0,,2,1,0,7,2026-06-16T11:30:04.531219+00:00,2026-07-05T11:30:04.293384+00:00
gov_action1lh2x3kjucjkggvwu6l3txggkvmrnhs3flpv8j35lvlcan4gax3xsq3cxfjc,fdd468da5cc4ac8431dcd7e2b3211666c73bc229f85879469f67f1d9d51d344d,0,HardForkInitiation,active,637,644,100000000000,stake1uyvjdz9rxsfsmv44rtk75k2rqyqskrga96dgdfrqjvjjpwsefcjnp,ipfs://bafkreib3ds3bj7izvspcmodz543m5y66slpcmoifzmvpl6xvq6mozaak64,7f683eaf65629963cdc726e0cb7d3be295eb586fc5ba93985878f98e29cee897,Hard Fork to Protocol Version 11 ('van Rossem' Hard Fork),1,,,,71.57,28.43,,62.43,37.57,,1,0,0,0,2026-06-16T17:00:02.086757+00:00,2026-07-05T11:30:04.293384+00:00
gov_action1t5ap7etluvct2x69nj5mfqhurgakuvekyflcsrv2qkrhrs378n3qq3z2c22,5d3a1f657fe330b51b459ca9b482fc1a3b6e3336227f880d8a058771c23e3ce2,0,InfoAction,active,636,643,100000000000,stake1u92wn278g870tde4e0yqteeua0zvsmqspp8fkrgcrvamp9qshxudj,https://raw.githubusercontent.com/AGT-T/RTG/refs/heads/main/data.jsonld,7a6249ed06feef4edda1e6ff190dd40f9165004fb08febe8477c0f1d14d7243b,Reforming Treasury Governance,1,,,,4.96,95.04,,0.54,99.46,,1,1,0,3,2026-06-09T17:00:01.167198+00:00,2026-07-05T11:30:04.293384+00:00
gov_action1654yj97lf7guxsh27phtknq2tsc4dajp95fh7vrucaltjy0502csq7qtkhq,d52a4917df4f91c342eaf06ebb4c0a5c3156f6412d137f307cc77eb911f47ab1,0,TreasuryWithdrawals,active,636,643,100000000000,stake1u8453de8xhhqa9c4ftvylkke8we84tmaq5hz75qwfgaaf2qac45ja,https://most-brass-sun.quicknode-ipfs.com/ipfs/QmSy2CiQhPBzzNLKDFVvMQaDb1FQDbmn9bJf6fVntVAQ1t,abaf67cde8defc914712009094cd3805bcf8911d3fa79c6edfd6c975dcf9d471,Reimburse Ikigai Info Governance Action Deposit.,1,,,103000000000,48.96,51.04,,0.0,0.0,,1,0,1,7,2026-06-09T17:00:01.167198+00:00,2026-07-05T11:30:04.293384+00:00
gov_action1fah9m7dxu99af8jqdc4mkrgs3va790nyh9tfhycq2wsvrm47p4rsqtcm6ry,4f6e5df9a6e14bd49e406e2bbb0d108b3be2be64b9569b930053a0c1eebe0d47,0,TreasuryWithdrawals,active,635,642,100000000000,stake1uy7ucfwsxtv36lz2drg4nw538xswshmg9pw8h2yzqd4qrzgzhyrsg,ipfs://QmYaPeha2PvacQxAwt5ZRsunGGgVbNwgDzu9pxLWA8zS9d,63c39f9f8f03cb38e3f465b8e338a5ea0c2cb148c6d38bb01b88d52934cc71f3,IO: Hydra,1,,,5100781000000,56.06,43.94,,0.0,0.0,,2,0,0,7,2026-06-08T21:00:01.290664+00:00,2026-07-05T11:30:04.293384+00:00
gov_action1cadmygtqv6r64pvwezw859wg36wpwp209cz94cc7ej9fdp7dyphqq58n5ur,c75bb221606687aa858ec89c7a15c88e9c17054f2e045ae31ecc8a9687cd206e,0,ParameterChange,active,635,642,100000000000,stake1uyvjdz9rxsfsmv44rtk75k2rqyqskrga96dgdfrqjvjjpwsefcjnp,ipfs://bafkreidbxerdwxxntmmr6qvjvquyla3qbwhk3flfqjbm3d5lj2ubxfk3aq,8c7c510c1c959d5c587de268350ce9275af45a05f5774c15fd424b924e18e749,Reduce the committeeMinSize parameter from 7 to 5,1,,"{""committee_min_size"": 5}",,67.56,32.44,,0.0,0.0,,4,0,0,0,2026-06-05T21:00:01.749231+00:00,2026-07-05T11:30:04.293384+00:00
gov_action1zljrlljt9cxlz7ra2nep43nxg0r54wcnrgexyuhuam9ah0ws607qq2vcg4x,17e43ffe4b2e0df1787d54f21ac66643c74abb131a326272fceecbdbbdd0d3fc,0,TreasuryWithdrawals,enacted,634,641,100000000000,stake1uyvjdz9rxsfsmv44rtk75k2rqyqskrga96dgdfrqjvjjpwsefcjnp,ipfs://bafkreieyqnaojdv7rofmwd6pndv3j6uuho6cnyyjcowbk5p5x2ux4e744e,9d641b574e37161ee340bb765801c08a7cf5a4996401f1bd43553312505eec7c,Tweag Core Cardano Infrastructure: Treasury Withdrawal 2026–2027,1,,,18263496000000,69.93,30.07,,0.0,0.0,,6,0,0,7,2026-06-03T17:00:01.693941+00:00,2026-07-05T11:30:04.293384+00:00
gov_action1eqhnsdyf3exhp5mqt7sdjtl7xy69wqg8tvg854psns2jt72cra3qqrcnr8r,c82f3834898e4d70d3605fa0d92ffe31345701075b107a54309c1525f9581f62,0,ParameterChange,enacted,633,640,100000000000,stake1uyvjdz9rxsfsmv44rtk75k2rqyqskrga96dgdfrqjvjjpwsefcjnp,ipfs://bafkreie4ykbbk6rjpiqqjcqhubk3b2yrzgvpntm4ozopx2ospendufvhyu,828cf92b170812446820c9f393446a2daf7d7e47d5f87354fe9f9e21a2635fb4,Update Plutus Cost Models,1,,"{""cost_model_id"": 369}",,122.0,4.0,7.0,0.0,0.0,0.0,,,,0,2026-05-26T17:00:01.905723+00:00,2026-07-05T11:30:04.293384+00:00
gov_action18a9sytyez02jl8ee4ryz5xu7heg587m5tu6nr7fkd3ex30umnnjqq27e7ey,3f4b022c9913d52f9f39a8c82a1b9ebe5143fb745f3531f9366c7268bf9b9ce4,0,TreasuryWithdrawals,expired,633,640,100000000000,stake1u9glfx6kyekq983rk70wvppyz3mqvq5cvkzpj528vs4gs4cknjdxx,ipfs://bafkreifbqd4hblfoi24clcyg4kzr4o2nivgprtaj7hi4uqdnjrvdz3rsfq,0b26f47137d669af9776bf74076388d1952f8a0451bad655653b4e42dbf50c3e,Rare Evo and Dev Gov Day 2026: Cardano Title Sponsorship,1,,,2750000000000,36.3,63.7,,0.0,0.0,,3,4,0,7,2026-05-29T21:00:01.953626+00:00,2026-07-05T11:30:04.293384+00:00
gov_action1cp0w6zwgwpj98jtu3r2q838lgwmhs6j49l58zx4q05lx220lmzaqqztnljz,c05eed09c8706453c97c88d403c4ff43b7786a552fe8711aa07d3e6529ffd8ba,0,TreasuryWithdrawals,enacted,632,639,100000000000,stake1uyvjdz9rxsfsmv44rtk75k2rqyqskrga96dgdfrqjvjjpwsefcjnp,ipfs://bafkreia3kwal45bb6ivjxzqohw6yvwkeiximblnfccsribzdny3mfb6fy4,83eef9359829e69e233a165f98d263ee7bb0ce7b7ff3fb6132698d46da4c0bf0,Cardano Critical Integrations V2,1,,,23000000000000,68.28,31.72,,0.0,0.0,,5,0,3,4,2026-05-20T21:00:01.412104+00:00,2026-07-05T11:30:04.293384+00:00
gov_action142ndnn9hycuuwld5ddemash2l709ln06qjgfeudq77z45nf3fpdqqn7pwux,aaa6d9ccb72639c77db46b73bec2eaff9e5fcdfa04909cf1a0f7855a4d31485a,0,TreasuryWithdrawals,enacted,632,639,100000000000,stake1uxx5zvsjds4mha66z6y0ftd40ztzt7f90eqlf85hmvhlukc6p4ue3,ipfs://QmbLLQDmduuWJNESHtWXqFCKXTL6g8PvchzmMx7QavkeYS,b940ba7ba4e390036bb5a4ca51e6eafdb33efd8a1e7daab239b8b313665025e1,5am.earth Trust Layer Targeting Vision 2030 KPIs,1,,,10000000000000,69.18,30.82,,0.0,0.0,,8,0,0,7,2026-05-21T17:00:01.351980+00:00,2026-07-05T11:30:04.293384+00:00
gov_action1ngpqafax5rvp8lcgey4asvqtycrh4e56fwp8cn2r9trx2ysryhtsqdm3w3z,9a020ea7a6a0d813ff08c92bd8300b26077ae69a4b827c4d432ac665120325d7,0,TreasuryWithdrawals,expired,631,638,100000000000,stake1ux0uusq33auzyekl6x566a886ltgzw0n6l2nl9yv2fpe74gt48ert,ipfs://QmWmEKFTae7Q12HUeVyMui6ReCuTXRx55W6eahBGn9ECgn,d07ca099d9b18c459f57c1502365ad74ef0b674cc2c83a64d18b4762084fc50d,Eternl: Path to Sustainability (2026-2027),1,,,1680000000000,56.7,43.3,,0.0,0.0,,4,4,0,7,2026-05-15T13:00:01.617489+00:00,2026-07-05T11:30:04.293384+00:00
gov_action1uzgqlh049u0j7epel29r425vyf9ttxmqwngw9kemyly0q6cwt5esqpwp09a,e0900fddf52f1f2f6439fa8a3aaa8c224ab59b6074d0e2db3b27c8f06b0e5d33,0,TreasuryWithdrawals,expired,630,637,100000000000,stake1uxlvah74gljhkhehgh5u5dywmuljtm2v068nh7prgpp4uxcf5r9dg,ipfs://QmPuukXDGrY4VjeprLZhovQfWCY5RDyXjQAPUKhRFNPiDT,f5df943e70635c794b09a93e52e7ec9b80855edc5bfa31bf2d5a068377a5478e,"Scalus: Cardano’s Application Platform for Building, Launching, and Scaling",1,,,8503000000000,29.0,98.0,31.0,0.0,0.0,0.0,,,,4,2026-05-14T17:00:01.143972+00:00,2026-07-05T11:30:04.293384+00:00
gov_action1pv7g8d0x9f3kqw2gcfrmgl8aqy38jat05wx0wwcvdsvuuclss6xqqhpzemv,0b3c83b5e62a63603948c247b47cfd012279756fa38cf73b0c6c19ce63f0868c,0,TreasuryWithdrawals,expired,630,637,100000000000,stake1ux0c30wl03hhvdjgxp55asvjrqgqf3yay4lyxggz595h74ctf9x2k,ipfs://QmP76MXJwp19ZAcX8soUPyh5jcvMoK1DoLbxAJT9LLRhDK,a16e91e5306eb4ccbbd6aed238e1bae823acd7b560b67e756234718f6a6a749d,Cardano dOSPO and OMF Program,1,,,12000000000000,14.0,118.0,29.0,0.0,0.0,0.0,,,,7,2026-05-11T21:00:01.266271+00:00,2026-07-05T11:30:04.293384+00:00
gov_action1ttgs45ulfxs0jwkfrecystc3flduhszmyzk8wnd7yw5za77tsg9qq4afmus,5ad10ad39f49a0f93ac91e70482f114fdbcbc05b20ac774dbe23a82efbcb820a,0,TreasuryWithdrawals,enacted,629,636,100000000000,stake1uy7ucfwsxtv36lz2drg4nw538xswshmg9pw8h2yzqd4qrzgzhyrsg,ipfs://Qmd1pXncVGaAwaZEBcDQqyj9jLjixk2mRpBwpuf24occP9,2c41545f23960ca21db103ef869de2ddd32a0d187f8e8ed55b6d4cf595fbd2af,"Cardano Vision 2026: Human Centred, Scalable, Post Quantum Secure - IO Research",1,,,32916000000000,167.0,29.0,15.0,0.0,0.0,0.0,,,,7,2026-05-07T09:00:01.536027+00:00,2026-07-05T11:30:04.293384+00:00
gov_action1guz68e8zkwphcdc8wnp40cclkv92qgnel7xnffmsmp2ljp09qtwqq596k4c,4705a3e4e2b3837c370774c357e31fb30aa02279ff8d34a770d855f905e502dc,0,TreasuryWithdrawals,expired,629,636,100000000000,stake1u949rs3erz72xxsj6uye2k0whkcv909043ld6dnv504eqwc4a60sc,ipfs://QmbQPrRhUUtvqNitu9mgC8esM3kXmR5iHGhEkLX1UZaLDy,444fb6a73db89d873a028eae85ce645f06965487901050bd46f6cacd8565eccc,The first node in the browser; a Cardano USP,1,,,4600000000000,89.0,60.0,33.0,0.0,0.0,0.0,,,,4,2026-05-05T01:00:01.617081+00:00,2026-07-05T11:30:04.293384+00:00
gov_action1ggr2uz7prwn5l84cdn2krwngfez0p7wluy4u3u3ez9pz5ls2whesqnsjly8,4206ae0bc11ba74f9eb86cd561ba684e44f0f9dfe12bc8f23911422a7e0a75f3,0,TreasuryWithdrawals,enacted,629,636,100000000000,stake1u949rs3erz72xxsj6uye2k0whkcv909043ld6dnv504eqwc4a60sc,ipfs://QmYJynuvpv1mY7yWDL763LcscHrFSCAW9d8SvCDf4BRdHK,3f8536caece1c7fed0f1a1d29f2ea893a6a7f592be4f1f906b363dbfdacc6544,Pebble & Ecosystem maintenance: TypeScript core of Cardano,1,,,4600000000000,112.0,28.0,18.0,0.0,0.0,0.0,,,,4,2026-05-05T01:00:01.617081+00:00,2026-07-05T11:30:04.293384+00:00
gov_action1kj6ghzuz9wcq88f3y72cyyeekdcemlq0dqk4zpjd4eck5assuypqq0pckkw,b4b48b8b822bb0039d312795821339b3719dfc0f682d51064dae716a7610e102,0,TreasuryWithdrawals,expired,628,635,100000000000,stake1uxq8hyxek4nvl227wjvrdm0h000sjgraczp92c07l0wr56g05k4la,ipfs://bafkreifl24qjwnj4qa2vqaun3wfwg7z4lzcgg3okdpdbqoa4oiouwfwdsi,a235127bf795ab8f141a9e115f79fe9102ed5ec086135ea0c3e087b9e2d61a92,Cardano at TOKEN2049 Singapore 2026: Top-Up ‘Title’ Sponsorship Upgrade,1,,,1768167000000,56.0,102.0,28.0,0.0,0.0,0.0,,,,4,2026-04-30T09:00:01.414586+00:00,2026-07-05T11:30:04.293384+00:00
gov_action19avrmrhm0gqa4qwlgvh4vxj6nwe02ay42h828cva2zt6n0asddfqqtgph5d,2f583d8efb7a01da81df432f561a5a9bb2f5749555cea3e19d5097a9bfb06b52,0,TreasuryWithdrawals,expired,628,635,100000000000,stake1u9vp5r7j6n65xw9lkfy8fxweaght2cqsn7e0t62nmhlz2dcm5yzrr,https://most-brass-sun.quicknode-ipfs.com/ipfs/QmSNGYbjMQfb8tMvPtqi5bdMeXsV5M27iFecFvddWmC8xL,41cb4bddb2f3babf90b23edc7a070b436b2b68e85c90024759a7b51e65070e76,[OriLife × TonFarm] Identifying 180 Million Durians Without Physical Labels,1,,,2400000000000,8.0,132.0,20.0,0.0,0.0,0.0,,,,7,2026-05-04T09:00:01.950219+00:00,2026-07-05T11:30:04.293384+00:00
gov_action18u8lpkzge2csxe3plynn9lh4agwtv3nrqkyfwalwj4ykjv7l68jqqzmul9z,3f0ff0d848cab1036621f92732fef5ea1cb6466305889777ee95496933dfd1e4,0,TreasuryWithdrawals,enacted,628,635,100000000000,stake1uxq8hyxek4nvl227wjvrdm0h000sjgraczp92c07l0wr56g05k4la,ipfs://bafkreibmdzs4o5samwbjct7j6ufjbvqfyqj7yudgrklnb2yi3yznle3yae,0a6073c78fa07d0f8cd0db57a47b8e0e4569b906c80051a77afb28bac23ff119,Cardano at TOKEN2049 Singapore 2026: Baseline ‘Platinum' Sponsorship Proposal,1,,,3303750000000,99.0,62.0,25.0,0.0,0.0,0.0,,,,4,2026-04-30T09:00:01.414586+00:00,2026-07-05T11:30:04.293384+00:00
gov_action14u26vcn3wmcnhc5pqrt6494ypugr7c7f3e2ns60r32cntl6zjtxsqqgeu8p,af15a6627176f13be28100d7aa96a40f103f63c98e553869e38ab135ff4292cd,0,TreasuryWithdrawals,expired,628,635,100000000000,stake1uyvjdz9rxsfsmv44rtk75k2rqyqskrga96dgdfrqjvjjpwsefcjnp,ipfs://bafkreifdoitcxw4anxadosoqi5y5ny647hym4u62gpyvkkuyg7wpnq6gbi,7771fcc347a1d28888a0b53fa84821302f0259449d3327de693dbe66295e9b60,Tweag Core Cardano Infrastructure: Treasury Withdrawal 2026–2028,1,,,39787316000000,44.0,85.0,33.0,0.0,0.0,0.0,,,,7,2026-04-30T17:00:01.759652+00:00,2026-07-05T11:30:04.293384+00:00
gov_action10dp9wzmgt2nqshyrghufff4sfhcxedhmzluly5k0azguatnsthwqqs84cjf,7b42570b685aa6085c8345f894a6b04df06cb6fb17f9f252cfe891ceae705ddc,0,TreasuryWithdrawals,expired,627,634,100000000000,stake1uyyqmz5ae7ct4f26p4t87y2xrrgu7f3e0cpap66zgcnxu0gl7gy6y,ipfs://QmQeNSMNUDWy75tgjPLqqUXDN7YvkVH6GS8iHx6P8adCAy,62f5924317b9b984417db994f1a011a362fbfb36a01745e445ddd55033c75aea,Revised Cardano Summit 2026 Singapore,1,,,7800000000000,129.0,61.0,23.0,0.0,0.0,0.0,,,,7,2026-04-29T09:00:01.238538+00:00,2026-07-05T11:30:04.293384+00:00
gov_action1w0shrfxqwv95kk0v4cn34wylz25a2cmqkq5jpc0e2yrahhqava3qz6es0cp,73e171a4c0730b4b59ecae271ab89f12a9d56360b02920e1f95107dbdc1d6762,1,TreasuryWithdrawals,enacted,626,633,100000000000,stake1uy7ucfwsxtv36lz2drg4nw538xswshmg9pw8h2yzqd4qrzgzhyrsg,ipfs://QmeNzwKE9bMyr65E4Dxtvoji7WBbazXUVykqQWq1pHXZvQ,2289200a99552eb3cc4fba5791a0d8c700adf48f3f84ad3d039b781d6c1cd871,IO: Cardano Upgrades,1,,,13103039000000,218.0,21.0,9.0,0.0,0.0,0.0,,,,7,2026-04-22T17:00:01.781056+00:00,2026-07-05T11:30:04.293384+00:00
gov_action1w0shrfxqwv95kk0v4cn34wylz25a2cmqkq5jpc0e2yrahhqava3qyxkn2yk,73e171a4c0730b4b59ecae271ab89f12a9d56360b02920e1f95107dbdc1d6762,2,TreasuryWithdrawals,enacted,626,633,100000000000,stake1uy7ucfwsxtv36lz2drg4nw538xswshmg9pw8h2yzqd4qrzgzhyrsg,ipfs://QmNqVt8X1EX9iJJXGaEeiZ5nbePL91NkZcoVedpn6gfKWA,7e7429d87f72ee877611e5eef4a47bfcadf0f4ac8a31bef1836ba5f4262090c4,IO: Consensus Initiative,1,,,27714342000000,224.0,18.0,9.0,0.0,0.0,0.0,,,,7,2026-04-22T17:00:01.781056+00:00,2026-07-05T11:30:04.293384+00:00
gov_action1w0shrfxqwv95kk0v4cn34wylz25a2cmqkq5jpc0e2yrahhqava3qx4njfhm,73e171a4c0730b4b59ecae271ab89f12a9d56360b02920e1f95107dbdc1d6762,3,TreasuryWithdrawals,enacted,626,633,100000000000,stake1uy7ucfwsxtv36lz2drg4nw538xswshmg9pw8h2yzqd4qrzgzhyrsg,ipfs://QmZMFAZvCxW6HpRC1EKzNcensJv9N89yzKPn7uRTTJdTpx,bbde992f94812865a7e3aa79539701cd695d87e5f16a9f4709f642968ff47643,IO & Ensurable Systems: Cardano Maintenance Initiative,1,,,62134630000000,187.0,34.0,21.0,0.0,0.0,0.0,,,,7,2026-04-22T17:00:01.781056+00:00,2026-07-05T11:30:04.293384+00:00
gov_action1w0shrfxqwv95kk0v4cn34wylz25a2cmqkq5jpc0e2yrahhqava3qwt8k9fx,73e171a4c0730b4b59ecae271ab89f12a9d56360b02920e1f95107dbdc1d6762,7,TreasuryWithdrawals,expired,626,633,100000000000,stake1uy7ucfwsxtv36lz2drg4nw538xswshmg9pw8h2yzqd4qrzgzhyrsg,ipfs://QmSaGx6WutdwLgfsw34JyawNf1a7XuK1YchEerdKSp8EkT,ffbccd777e4340f16e9af02587404c47488afa14a68ba5a209ec768eec54969b,Blockfrost: Maintenance and Next Generation Indexing,1,,,7920000000000,98.0,81.0,40.0,0.0,0.0,0.0,,,,7,2026-04-22T17:00:01.781056+00:00,2026-07-05T11:30:04.293384+00:00
gov_action1w0shrfxqwv95kk0v4cn34wylz25a2cmqkq5jpc0e2yrahhqava3qvczhx6t,73e171a4c0730b4b59ecae271ab89f12a9d56360b02920e1f95107dbdc1d6762,6,TreasuryWithdrawals,enacted,626,633,100000000000,stake1uy7ucfwsxtv36lz2drg4nw538xswshmg9pw8h2yzqd4qrzgzhyrsg,ipfs://QmPkZ6Azo1tJfWVRjwn8G1Qk7k1SC3Vk3L21WFPSracCzg,4017fa52b940d6b6545266e03532c9becb2f1681d4c0429a2d06d256dfd8eba4,"IO & VacuumLabs: Enhancing Plutus - Performance, Correctness, and Usability",1,,,11877575000000,181.0,32.0,24.0,0.0,0.0,0.0,,,,7,2026-04-22T17:00:01.781056+00:00,2026-07-05T11:30:04.293384+00:00
gov_action1w0shrfxqwv95kk0v4cn34wylz25a2cmqkq5jpc0e2yrahhqava3qsuae57l,73e171a4c0730b4b59ecae271ab89f12a9d56360b02920e1f95107dbdc1d6762,8,TreasuryWithdrawals,expired,626,633,100000000000,stake1uy7ucfwsxtv36lz2drg4nw538xswshmg9pw8h2yzqd4qrzgzhyrsg,ipfs://QmVdGh1cXgsMXGRS7mzxurxtkaqhU7VJMjx4piNSSHrBs2,32e2975fc7645b394806fc26651f558bb90a20705a606298633c66f8c6798168,Pogun: Capital Without Compromise,1,,,12290000000000,118.0,73.0,33.0,0.0,0.0,0.0,,,,7,2026-04-22T17:00:01.781056+00:00,2026-07-05T11:30:04.293384+00:00
gov_action1w0shrfxqwv95kk0v4cn34wylz25a2cmqkq5jpc0e2yrahhqava3qqfu3vtv,73e171a4c0730b4b59ecae271ab89f12a9d56360b02920e1f95107dbdc1d6762,0,TreasuryWithdrawals,enacted,626,633,100000000000,stake1uy7ucfwsxtv36lz2drg4nw538xswshmg9pw8h2yzqd4qrzgzhyrsg,ipfs://QmUnSimkwuaXX357ugYxDkiUMzsKTYgcWvV74xWbiXUt3Y,5864e230297cf40299a62138c1df3b84c12d76d1f5b2ce8b4452a14a702b1dc0,IO: Developer Experience Initiative,1,,,3601926000000,183.0,51.0,17.0,0.0,0.0,0.0,,,,7,2026-04-22T17:00:01.781056+00:00,2026-07-05T11:30:04.293384+00:00
gov_action1w0shrfxqwv95kk0v4cn34wylz25a2cmqkq5jpc0e2yrahhqava3qghg4q43,73e171a4c0730b4b59ecae271ab89f12a9d56360b02920e1f95107dbdc1d6762,4,TreasuryWithdrawals,expired,626,633,100000000000,stake1uy7ucfwsxtv36lz2drg4nw538xswshmg9pw8h2yzqd4qrzgzhyrsg,ipfs://Qmf3GSWna8PQFF2Vi5Css4R5pvGfaVUZ1zhCfHw9LqGKNV,0b69fa10260ceab9b24caee26e2d5a8f8850c6c81ea9b32f692aac24efcfa658,IO & Midgard Labs: L2 Scalability Initiative,1,,,10425871000000,146.0,62.0,34.0,0.0,0.0,0.0,,,,7,2026-04-22T17:00:01.781056+00:00,2026-07-05T11:30:04.293384+00:00
gov_action1w0shrfxqwv95kk0v4cn34wylz25a2cmqkq5jpc0e2yrahhqava3q2yd5rxu,73e171a4c0730b4b59ecae271ab89f12a9d56360b02920e1f95107dbdc1d6762,5,TreasuryWithdrawals,enacted,626,633,100000000000,stake1uy7ucfwsxtv36lz2drg4nw538xswshmg9pw8h2yzqd4qrzgzhyrsg,ipfs://QmfM3VRtGvpmxTDYrgGJoPSLW41SiNyeazfjusg98jrATS,8933e116ac2ca3561ca0a620c71061db939d5d984e151127079a483b438927cf,IO: Cardano High Assurance Technical Collaboration,1,,,13078578000000,195.0,26.0,18.0,0.0,0.0,0.0,,,,7,2026-04-22T17:00:01.781056+00:00,2026-07-05T11:30:04.293384+00:00
gov_action1hkgl5l4fknsf7aktmcatkz6kfl7xpvn7rzh5vnxwexl0n3cc6zrsqt5459v,bd91fa7ea9b4e09f76cbde3abb0b564ffc60b27e18af464ccec9bef9c718d087,0,TreasuryWithdrawals,expired,623,630,100000000000,stake1uyyqmz5ae7ct4f26p4t87y2xrrgu7f3e0cpap66zgcnxu0gl7gy6y,ipfs://QmPZ6yDL62ms5ZGQfrPUXEDANrY9e2qrrzWVXRzbhJennk,c183fa5432c8f149aa9b4fe5b7e512a7e94474f804a4e1d4b3d2e561d32b6fb9,Cardano Summit 2026 and TOKEN2049 Singapore,1,,,14076539000000,32.0,132.0,23.0,0.0,0.0,0.0,,,,7,2026-04-09T17:00:01.685055+00:00,2026-07-05T11:30:04.293384+00:00
gov_action1ky2j077de82par6f0hny5q56rpnn5hh0csfhrpzeq3hsk7s6vetqquz3scv,b11527fbcdc9d41e8f497de64a029a18673a5eefc413718459046f0b7a1a6656,0,TreasuryWithdrawals,expired,621,628,100000000000,stake1u949rs3erz72xxsj6uye2k0whkcv909043ld6dnv504eqwc4a60sc,ipfs://QmNuDfoojLyBNqk7qEXjd4UvZUKRX5aALjRUydrrr1pxWb,09a9d51df80d12097227fc010657f190fb5d71fe75aa020335b04be07b8e3efd,Pebble + Gerolamo - HLabs 2026 Budget,1,,,8035714000000,140.0,43.0,20.0,0.0,0.0,0.0,,,,4,2026-03-29T17:00:01.462080+00:00,2026-07-05T11:30:04.293384+00:00
gov_action1k5vwlfrxtyusd2ec37tckd54gjvqn2kd72xj4t6wkkapdv7zfg0qq468n2r,b518efa466593906ab388f978b3695449809aacdf28d2aaf4eb5ba16b3c24a1e,0,InfoAction,expired,619,626,100000000000,stake1uyyqmz5ae7ct4f26p4t87y2xrrgu7f3e0cpap66zgcnxu0gl7gy6y,ipfs://QmV9raiDbx8cs5wspNT8EiX5ReusETusVerwQBSrmhrX8N,d03e71df06e67693e6b283a5921b124d9505546accec66872b35254d51bdb656,Approve Cardano Foundation as New Managing Entity of Project Catalyst,1,,,,186.0,11.0,4.0,22.0,2.0,0.0,,,,3,2026-03-17T13:00:01.474101+00:00,2026-07-05T11:30:04.293384+00:00
gov_action13qr78nhrhetywapvx2wpm63y9uxpc2dc45zsu9gkncasxqhuhltqqqfu32x,8807e3cee3be5647742c329c1dea242f0c1c29b8ad050e15169e3b0302fcbfd6,0,TreasuryWithdrawals,enacted,618,625,100000000000,stake1uyyqmz5ae7ct4f26p4t87y2xrrgu7f3e0cpap66zgcnxu0gl7gy6y,ipfs://QmPXYnQ65EuKCVPrWfDqFZmiF8Y4PzxZ87XrGs6UaMkNru,6dbc26337a16d950ae3704b0f88ed1e39b8aceb6a28d497ce73c357340d45d90,Cardano x Draper Dragon: Orion Fund,1,,,50000000000000,109.0,37.0,10.0,0.0,0.0,0.0,,,,4,2026-03-13T01:00:01.463867+00:00,2026-07-05T11:30:04.293384+00:00
gov_action1uhzd06a26qavzflvrx3gvcz6rzxkl6su2ns8t3seef5e8dl6nlgsqcgtufg,e5c4d7ebaad03ac127ec19a286605a188d6fea1c54e075c619ca6993b7fa9fd1,0,TreasuryWithdrawals,enacted,617,624,100000000000,stake1uy7g5hkuaqtdmlv0zzgy3rhnjlrh8va0lchhwrlcuyxyxeq4r5k0w,https://raw.githubusercontent.com/theeldermillenial/2025-liquidity-budget/f824da7f0c2dbab15e324d1736a967de87d34f7d/w1.jsonld,2b6d10884910aba1478c7e9b94207e54bd569eaea7262cff71df9d2053668f63,Cardano Defi Liquidity Budget - Withdrawal 1,1,,,800000000000,128.0,41.0,21.0,0.0,0.0,0.0,,,,7,2026-03-10T05:00:01.996041+00:00,2026-07-05T11:30:04.293384+00:00
gov_action17dfgtkeufcy945e3ssanqpmn09ft3gezhvepvvg7msmlmaz260dqqjtsmpe,f35285db3c4e085ad331843b3007737952b8a322bb3216311edc37fdf44ad3da,0,TreasuryWithdrawals,enacted,617,624,100000000000,stake1u8j3j3rjw5tjgyh6w4ezx0z4lglu3ufxsfuev4ndchld6jsdlaaqg,ipfs://bafkreibeffgc4ow5rxbttesgqqe36copa5rejtsw6b4jruwow2p3wahxtq,4e90b2f7bb9044b6dcbe1209bc8aa4573101651468c60ab2c3b73535afa5741d,Dingo: a Production-Grade Block Producer in Go by Blink Labs,1,,,6900000000000,133.0,59.0,13.0,0.0,0.0,0.0,,,,4,2026-03-07T02:00:01.215489+00:00,2026-07-05T11:30:04.293384+00:00
gov_action1a95na44kgedjk3k64ajpfp4p9d9jj3sgzc6tt9nmnkvgj7c9nraqq7g4d2u,e9693ed6b6465b2b46daaf641486a12b4b2946081634b5967b9d98897b0598fa,0,InfoAction,expired,616,623,100000000000,stake1uyvjdz9rxsfsmv44rtk75k2rqyqskrga96dgdfrqjvjjpwsefcjnp,ipfs://bafkreidkxk3akjqukgyuxp65g2pesfbhk2miepg7cd6tq7u2hujxmxqzvu,34f05fe67c8f4172ac5e955c20c8204d37a3f5b2561038d199f4f626a32db6cf,Cardano Budget Process Framework (facilitated by Intersect),1,,,,138.0,32.0,7.0,23.0,1.0,1.0,,,,0,2026-03-05T18:00:02.034456+00:00,2026-07-05T11:30:04.293384+00:00
gov_action19uhuy5uame2s60yrh6n8cyds8ps5q7tkh05dqlzmpcfy429p9w4qq5ll3g0,2f2fc2539dde550d3c83bea67c11b03861407976bbe8d07c5b0e124aa8a12baa,0,TreasuryWithdrawals,enacted,614,621,100000000000,stake17yyule028w4c2xy2rzsnzs22v4cvav3aljm5z76kz9hc9as0vfqh9,ipfs://bafkreicshobgfe6o6siinj6ym4yxpz4dyyf3dqfex3w42htfvhpdn6msfu,c5604e100bd27b04f620d38b0389ad7687da9e1fd5f602f5372157fd0e78adce,Amaru Treasury Withdrawal 2026,1,,,10142000000000,136.0,16.0,8.0,0.0,0.0,0.0,,,,7,2026-02-23T18:00:01.850400+00:00,2026-07-05T11:30:04.293384+00:00
gov_action1mldvtys6ketjg87wtpvr6cd77kdrd8sp62a8sxgadhmxx2s8lh7sqp2qedq,dfdac5921ab657241fce58583d61bef59a369e01d2ba78191d6df6632a07fdfd,0,ParameterChange,expired,612,619,100000000000,stake1uy5mx9230r5c0a8tp69kpw6773ycm9spghazx9t8gnyfzgs8ymlec,ipfs://bafkreigmd7xasljkmisbal5pu2xcqolr2fkre4jnlllgqrof4wctadxa7m,8fd434526d3b799ffe1f8ffb4d3373b9445f1e6bf8bcc3a6c4acb9b82f2daacf,Reduce minimum Constitutional Committee size (committeeMinSize) from 7 to 5,1,,"{""committee_min_size"": 5}",,38.0,55.0,6.0,0.0,0.0,0.0,,,,0,2026-02-10T06:00:01.815720+00:00,2026-07-05T11:30:04.293384+00:00
gov_action1wwjwkg2g0qwr0mehey9r8gwn6qz3r28wl6wdl2s75kfmpy8j87tqqtft9tp,73a4eb2148781c37ef37c90a33a1d3d00511a8eefe9cdfaa1ea593b090f23f96,0,InfoAction,expired,611,618,100000000000,stake1u8xerev3mf0ntcjed0549rg8paqd8s5vrpk0klvxzgu048s89edrf,ipfs://bafkreid7tr5uotr4bp2jp54q7lbm5p5eldncuahprj53msy6kqgjscyrdu,4e264b46f948da4a1917be590d14f10f9e36372075fd11561669180747c0588b,Net Change Limit of 300 Million ADA for Epochs 613–713,1,,,,118.0,42.0,13.0,30.0,2.0,21.0,,,,3,2026-02-09T18:50:25.950966+00:00,2026-07-05T11:30:04.293384+00:00
gov_action1fvgw27fjpr9c7g582mszzyez0jgkqgjgatzdnyngrg8wwc9kcn3qqxtz8r7,4b10e5793208cb8f228756e02113227c91602248eac4d992681a0ee760b6c4e2,0,TreasuryWithdrawals,expired,607,614,100000000000,stake1uy7g5hkuaqtdmlv0zzgy3rhnjlrh8va0lchhwrlcuyxyxeq4r5k0w,https://raw.githubusercontent.com/theeldermillenial/2025-liquidity-budget/refs/heads/master/withdrawal-1/data.jsonld,a92807ed4dcf4817d6ae0c87b6bf5815b2baf3aef52609f51bc4bdb402f6429c,Cardano DeFi Liquidity Budget - Withdrawal 1,1,,,500000000000,127.0,44.0,24.0,0.0,0.0,0.0,,,,7,2026-02-09T18:50:25.950966+00:00,2026-07-05T11:30:04.293384+00:00
gov_action1cgdsp7g0rr7wgqp7maptpvx525fxuqwfgm5qe3f5r20ew5x2772sq0m5y83,c21b00f90f18fce4003edf42b0b0d455126e01c946e80cc5341a9f9750caf795,0,ParameterChange,enacted,606,613,100000000000,stake1uyvjdz9rxsfsmv44rtk75k2rqyqskrga96dgdfrqjvjjpwsefcjnp,ipfs://bafkreifwx5z25x6bh5vcwgvzrajy7qlgisukglywjjduwfsrsnp752pqca,f7e237031c174ba58190950350cc8c3ed940d4268bcc75e7f29080370ad34a55,Increase Transaction and Block Memory Units (Part 1 of 2),1,,"{""max_tx_ex_mem"": 16500000, ""max_tx_ex_steps"": 10000000000, ""max_block_ex_mem"": 72000000, ""max_block_ex_steps"": 20000000000}",,224.0,4.0,6.0,316.0,3.0,75.0,,,,3,2026-02-09T18:50:25.950966+00:00,2026-07-05T11:30:04.293384+00:00
gov_action13pzmlsmmktmfareqpl3gzj9nm63ugwvmp3y7urkjhd8rf89tn6msq95mp3f,8845bfc37bb2f69e8f200fe28148b3dea3c4399b0c49ee0ed2bb4e349cab9eb7,0,InfoAction,expired,606,613,100000000000,stake1uyvjdz9rxsfsmv44rtk75k2rqyqskrga96dgdfrqjvjjpwsefcjnp,ipfs://bafkreiaaevieqcufh6or65xtva2r2txy2tre45p4vlesfz5l3l5kpd6djm,25dcffe8d87e955b1637272b3650907e2cd9af7c914c1f6600c88ad97adc2469,Name Protocol Version 11 hard fork - van Rossem,1,,,,198.0,2.0,10.0,86.0,0.0,0.0,,,,0,2026-02-09T18:50:25.950966+00:00,2026-07-05T11:30:04.293384+00:00
gov_action1m3xx08yv788vfxqh6nfvrjtvmqpwezsy0ggaczctkyjmttc2wmxsq4jsr7q,dc4c679c8cf1cec49817d4d2c1c96cd802ec8a047a11dc0b0bb125b5af0a76cd,0,InfoAction,expired,605,612,100000000000,stake1uyvjdz9rxsfsmv44rtk75k2rqyqskrga96dgdfrqjvjjpwsefcjnp,ipfs://bafkreidpcmogdet4beysyxq4u7l2qywplbfnahudyevqjcu2yxiceurn3u,ed54ad31d48602ce7c30eba13c209c71dcb63d6eb9906345a3367acec65175ad,Net Change Limit (Epoch 613 to Epoch 713),1,,,,125.0,31.0,10.0,51.0,1.0,3.0,,,,3,2026-02-09T18:50:25.950966+00:00,2026-07-05T11:30:04.293384+00:00
gov_action15ce4qnwug759939wqv782pvh6qg68khspg8kh02gmex99mcsytwqqqr7jkr,a633504ddc47a852c4ae033c750597d011a3daf00a0f6bbd48de4c52ef1022dc,0,InfoAction,expired,603,610,100000000000,stake1u98py2aurukenuwgt78znz7jr90j3jkwfxeh2t7zlge6z8clpduxn,ipfs://QmP25wNHBBh62eRUBnRbvpXz2DFJ5aQBgbqMq27zpHXNjs,e3c9095166ee0a62a5b251b605f5316e1e585b993fbb9af5dece15893349c387,"DeltaDeFi: Hydra Trading Infrastructure Budget (₳1,500,000)",1,,,,37.0,114.0,18.0,2.0,5.0,22.0,,,,3,2026-02-09T18:50:25.950966+00:00,2026-07-05T11:30:04.293384+00:00
gov_action1jxne7hynfd7frcczwumd2eggps4kvy0msjztz9t0mutpy870ksgqqp6vp3p,91a79f5c934b7c91e3027736d565080c2b6611fb8484b1156fdf16121fcfb410,0,NewConstitution,enacted,601,608,100000000000,stake1uy5mx9230r5c0a8tp69kpw6773ycm9spghazx9t8gnyfzgs8ymlec,ipfs://bafkreigxpweqv2rnh7ajt5hzdq6gikogmaq3nbyof5uvdntc4hkg52ghqy,6c5645b67cca1f39323984f97ea2d5f5a68423c592407e241b0637e26d244591,CARDANO BLOCKCHAIN ECOSYSTEM CONSTITUTION v2.4,1,,,,157.0,24.0,13.0,0.0,0.0,0.0,,,,3,2026-02-09T18:50:25.950966+00:00,2026-07-05T11:30:04.293384+00:00
gov_action18fd7jwa06fksmwumlcvlft8v4guvaa672qsp6xgenekvs4kmvcqsq8cqks4,3a5be93bafd26d0dbb9bfe19f4acecaa38cef75e50201d19199e6cc856db6601,0,InfoAction,expired,601,608,100000000000,stake1uyvjdz9rxsfsmv44rtk75k2rqyqskrga96dgdfrqjvjjpwsefcjnp,ipfs://bafkreifxxz6n33l5umvgxdoxzp35gsnbzvi63slmeqnwg3pj4gsrwnzr4e,4fbbbd12cf0f2a4be498627a5c99d95762690eb57e276089f5d646877f95cf59,"Cardano 2030: Vision, Mission, Strategy Framework and KPIs",1,,,,152.0,26.0,17.0,47.0,0.0,0.0,,,,0,2026-02-09T18:50:25.950966+00:00,2026-07-05T11:30:04.293384+00:00
gov_action1aw809r9gpk7eemt02alszw7lceyf0505uvntavm62rakkckr3nxsqd54zm8,eb8ef28ca80dbd9ced6f577f013bdfc64897d1f4e326beb37a50fb6b62c38ccd,0,NewCommittee,expired,600,607,100000000000,stake1ux0c30wl03hhvdjgxp55asvjrqgqf3yay4lyxggz595h74ctf9x2k,ipfs://Qme6n18tBndukAbRyvHc6MMj8WrjsBnppYvTAmsm3SHa4y,84e66f959fdecfd86708a5e9cad50b24bcf2da97186182abedd2aa046447a4b2,Add Constitutional Committee Member - Christina,1,,,,132.0,31.0,15.0,97.0,0.0,4.0,,,,0,2026-02-09T18:50:25.950966+00:00,2026-07-05T11:30:04.293384+00:00
gov_action1lqun78lcznfa2gek49m3ydslakfnm8heargfp8sax9fk54yl6ghsqp042zv,f8393f1ff814d3d52336a97712361fed933d9ef9e8d0909e1d31536a549fd22f,0,TreasuryWithdrawals,enacted,599,606,100000000000,stake1uyvjdz9rxsfsmv44rtk75k2rqyqskrga96dgdfrqjvjjpwsefcjnp,ipfs://bafkreiecqskxkmakkrzrs2xs2olh5jcwbuz5qr5gesp6merwcaydcaojiq,1ff4e21156b94a8609545f96e68f005fcd1bf4c790fb6f613b7f8e49e1e71da6,"Withdraw ₳70,000,000 for Cardano Critical Integrations Budget",1,,,70000000000000,196.0,10.0,5.0,0.0,0.0,0.0,,,,4,2026-02-09T18:50:25.950966+00:00,2026-07-05T11:30:04.293384+00:00
gov_action1fk4nx9zhkcdcyjaudwjtnkd7gagwyhqtth2zypawkc78gvdxkuzqqtvqdkv,4dab331457b61b824bbc6ba4b9d9be4750e25c0b5dd42207aeb63c7431a6b704,0,NewCommittee,enacted,599,606,100000000000,stake1uyvjdz9rxsfsmv44rtk75k2rqyqskrga96dgdfrqjvjjpwsefcjnp,ipfs://bafkreibqxuceexlhali4nhqo7tvsdzrcndzr775pv7wfsdq2lbxtyk4emu,7580221cf917c3ec6c1fe0ddf7a518f7e9fd357bbe1528b6a24e91b1bba90797,Add Constitutional Committee Member,1,,,,173.0,1.0,1.0,321.0,0.0,0.0,,,,3,2026-02-09T18:50:25.950966+00:00,2026-07-05T11:30:04.293384+00:00
gov_action169kllwhfmp488je5x5rwvufd08p8sztdcf0ghf5sp6ey2gnjdwaqql47xry,d16dffbae9d86a73cb343506e6712d79c278096dc25e8ba6900eb24522726bba,0,InfoAction,expired,597,604,100000000000,stake1ux0c30wl03hhvdjgxp55asvjrqgqf3yay4lyxggz595h74ctf9x2k,ipfs://Qmeme8EWugVPQeVghpqB53nvG5U4VT9zy3Ta545fEJPnqL,25b56befe5ef4e472e3020b81162b4076f4e274f68fcdacb2ec686ca6197771e,2025 Net Change Limit Extension,1,,,,221.0,6.0,1.0,32.0,0.0,0.0,,,,3,2026-02-09T18:50:25.950966+00:00,2026-07-05T11:30:04.293384+00:00
gov_action13a2dqgwxum7d6kjfprcs57cf9733ek2dkt5qnuhqd4ll5ntcwu7sqluwkxd,8f54d021c6e6fcdd5a4908f10a7b092fa31cd94db2e809f2e06d7ffa4d78773d,0,InfoAction,expired,597,604,100000000000,stake1uxq8hyxek4nvl227wjvrdm0h000sjgraczp92c07l0wr56g05k4la,ipfs://bafkreicbxui5lbdrgcpjwhlti3rqkxfnd3vveiinkcu2zak5bny435w4yq,fec4cec86fe2c537c5f50c54dce3a200191d34c2330c2586792429aeeb05dc53,Cardano Critical Integrations Budget,1,,,,267.0,10.0,7.0,58.0,0.0,1.0,,,,3,2026-02-09T18:50:25.950966+00:00,2026-07-05T11:30:04.293384+00:00
gov_action1x2zm0lgd59kjrc9clzgscdlh0ct62l8llr638h6t4a5jj4yqzzyqq2dgc7q,3285b7fd0da16d21e0b8f8910c37f77e17a57cfff8f513df4baf692954801088,0,InfoAction,expired,590,597,100000000000,stake1u8453de8xhhqa9c4ftvylkke8we84tmaq5hz75qwfgaaf2qac45ja,https://most-brass-sun.quicknode-ipfs.com/ipfs/QmR7khTUdWyQFdNvyXDsuyZLUNsdfm7Ejo9wKfKdRE3ReG,78c5d369af0bd488807d9bd15bf19c13e2cc063e96bd4ab17ed7f8a57a8ba1ba,Reimburse Ikigai Info Governance Action Deposit.,1,,,,158.0,13.0,12.0,16.0,0.0,0.0,,,,3,2026-02-09T18:50:25.950966+00:00,2026-07-05T11:30:04.293384+00:00
gov_action1q0m8z7glm9cprucwf44hdjdfra8khnakpm3hu5ueh929hvljw4aqqzuxfxz,03f671791fd97011f30e4d6b76c9a91f4f6bcfb60ee37e5399b9545bb3f2757a,0,TreasuryWithdrawals,enacted,590,597,100000000000,stake1uy5wxkqpezym2esqkgvw9yyqyd0rzuhkm206q6cddcxtqjgehj9ty,ipfs://bafkreidl43ghacdpczaims63glq5kepaa63d63cr5mrpznv56jdm7e2eny,2c630b0662c474e69d40bae4a0619d6bf4947e3d6edc8e53c891b427299fbf10,"Loan ₳5,000,000 to Expand Cardano's Global Listings",1,,,5000000000000,151.0,38.0,20.0,0.0,0.0,0.0,,,,7,2026-02-09T18:50:25.950966+00:00,2026-07-05T11:30:04.293384+00:00
gov_action15dh2lt4qskmhl97vat8s0l552ruvddrlasa0jndg7lg43g0uju3qq78hvja,a36eafaea085b77f97cceacf07fe9450f8c6b47fec3af94da8f7d158a1fc9722,0,InfoAction,expired,590,597,100000000000,stake1uy00pmq39g78x5u4v677dd4tusdm0yv3cxa2d8klevzcrusqrj9v6,https://ipfs.io/ipfs/QmeMvA4j38n46hye724etsdUoUMzQ3T9bvmHMJUtNRf9ps,235613f1d231e9a877eab4599f2d6a693d8cb279e2bc9c94c5f42f53750a34f9,Securing  Generic Top-Level Domains for the Cardano Ecosystem,1,,,,169.0,24.0,11.0,15.0,0.0,0.0,,,,0,2026-02-09T18:50:25.950966+00:00,2026-07-05T11:30:04.293384+00:00
gov_action16f69yf2f35w9ds8sr05ewyr55jg5f439mu8882rv295fvf8m4kcqql7y6nc,d2745225498d1c56c0f01be9971074a49144d625df0e73a86c51689624fbadb0,0,InfoAction,expired,589,596,100000000000,stake1ux0c30wl03hhvdjgxp55asvjrqgqf3yay4lyxggz595h74ctf9x2k,ipfs://QmZdZ387ZfcDwQ4YYSPAvWX42gX1w8nGPdhbwk7gxTtNBE,a1eb9dd13a5ca3f009a261ddc07575190f98a42b94d180815fb5f2c0805b907c,Constitutional Committee Compensation Epochs 581-653,1,,,,48.0,105.0,27.0,2.0,1.0,12.0,,,,0,2026-02-09T18:50:25.950966+00:00,2026-07-05T11:30:04.293384+00:00
gov_action1ezp0r9rgf4njx93p9uq7l3kjs9m739jm0ntf26vplcmucec4jc0qqxjlfrc,c882f194684d672316212f01efc6d28177e8965b7cd6956981fe37cc6715961e,0,NewConstitution,expired,586,593,100000000000,stake1uy5mx9230r5c0a8tp69kpw6773ycm9spghazx9t8gnyfzgs8ymlec,ipfs://bafkreig4ural237c4gczp4srzygsmlaquiibixiskus2lwy4a6vilivgiy,bbdd72333d18e36283ef8cfd8959a9382c90a1fd864845ed62120882455aa8fb,CARDANO BLOCKCHAIN ECOSYSTEM CONSTITUTION v2.3,1,,,,173.0,29.0,10.0,0.0,0.0,0.0,,,,3,2026-02-09T18:50:25.950966+00:00,2026-07-05T11:30:04.293384+00:00
gov_action16tdkp3fs0j6303e4utgp8rftdug0ckezr4sslgv8wxdaeq40ngpsq5sr06h,d2db60c5307cb517c735e2d0138d2b6f10fc5b221d610fa187719bdc82af9a03,0,TreasuryWithdrawals,expired,584,591,100000000000,stake1uyvjdz9rxsfsmv44rtk75k2rqyqskrga96dgdfrqjvjjpwsefcjnp,ipfs://bafkreihju7a6zywpv3adaeeg4nnyrkewurng5csavsspmqsgikzg2suhry,e2ed7354990674f1087cb3672f0418ed2dde4f7cad3190992cea0448d5ca5bc9,"Withdraw ₳1,150,000 for GovTool 12 months active maintenance and development",1,,,1150000000000,142.0,37.0,11.0,0.0,0.0,0.0,,,,4,2026-02-09T18:50:25.950966+00:00,2026-07-05T11:30:04.293384+00:00
gov_action1n9hdlcmshrj3hee4g8n4fxdgrprpxp0r03l6psd3j0evtpck0nrsqm57age,996edfe370b8e51be73541e75499a818461305e37c7fa0c1b193f2c587167cc7,0,InfoAction,expired,583,590,100000000000,stake1u8celwsxc9nxax046typ69u0wpvhzrzyv0n48ryg7plhk6sqvt5gn,ipfs://bafkreigc2vumhgcgfuouuk5ndom4dg3yxncuhdcsyirbkybggd5bv47sve,19581423957b0f155170d04e8654374e205ab0e95ffa3a05c84b55ccc5deac70,Defining the Cardano 2030 Vision & Strategy,1,,,,55.0,39.0,43.0,0.0,0.0,1.0,,,,3,2026-02-09T18:50:25.950966+00:00,2026-07-05T11:30:04.293384+00:00
gov_action1u4jrcvlkppjzuv5j9z5ksacwtvv77h6glu0knpcjut8gvjjfu0cqqt3alsy,e5643c33f608642e329228a968770e5b19ef5f48ff1f698712e2ce864a49e3f0,0,InfoAction,expired,582,589,100000000000,stake1uy7g5hkuaqtdmlv0zzgy3rhnjlrh8va0lchhwrlcuyxyxeq4r5k0w,ipfs://bafkreihk5qt5tgbojnno7eymbm2urm6y6jkt4yqfxdzh3agnj47zuv7lpe,0e219503c6731b471ed8e5b21165a25cb5aa7fcc585277abad5d0a84251b3168,Stablecoin DeFi Liquidity Budget,1,,,,199.0,23.0,12.0,3.0,0.0,1.0,,,,3,2026-02-09T18:50:25.950966+00:00,2026-07-05T11:30:04.293384+00:00
gov_action1jr84r96lnsvu9yd6c0jhxe9gj5r7vnd2pgkntc6klplxdpyzz4tqqc9uldx,90cf51975f9c19c291bac3e57364a89507e64daa0a2d35e356f87e6684821556,0,InfoAction,expired,580,587,100000000000,stake1uy5wxkqpezym2esqkgvw9yyqyd0rzuhkm206q6cddcxtqjgehj9ty,ipfs://bafkreiegpigegytetkwrqhftqphcqjkammmjipwq2d57s6xkfbtxiq3tei,79e4b2c345da31819fad30408f6eebaee352dff03adbb1a3fd9f15187f5c7e57,Budget: ₳5M Loan for Cardano's Global Listing Expansion - Powered by Snek,1,,,,163.0,64.0,17.0,3.0,5.0,0.0,,,,3,2026-02-09T18:50:25.950966+00:00,2026-07-05T11:30:04.293384+00:00
gov_action13836fuy3yttxn4hkeqka398q9qnwsjtmul4sxc3nht7qae8uvejsqm7ukh8,89e3a4f09122d669d6f6c82dd894e02826e8497be7eb036233bafc0ee4fc6665,0,InfoAction,expired,579,586,100000000000,stake1u8453de8xhhqa9c4ftvylkke8we84tmaq5hz75qwfgaaf2qac45ja,https://most-brass-sun.quicknode-ipfs.com/ipfs/QmTRrewK9MzARcCSYNFwmqizjFpMRK2kZhe9R6NJU4XHwJ,103ff312c9aa10e80ac8c2b572e1c0a33975f22441b0a14d09bcbbb2310b11eb,Cardano in Oceania: A community-led strategic plan for investing in growth.,1,,,,47.0,94.0,33.0,1.0,7.0,0.0,,,,0,2026-02-09T18:50:25.950966+00:00,2026-07-05T11:30:04.293384+00:00
gov_action1ypajyms3pcfmkx93r87dxy6jpc8u6pst90ylhxj7t0rwjj43puasq0x9jrw,207b226e110e13bb18b119fcd313520e0fcd060b2bc9fb9a5e5bc6e94ab10f3b,0,NewConstitution,expired,574,581,100000000000,stake1uy5mx9230r5c0a8tp69kpw6773ycm9spghazx9t8gnyfzgs8ymlec,ipfs://bafkreig4vjv636y7yhc3va6u4u6euluzs7wxwas5ntwqrvyzafjnnbcsgu,37669749785f79cb3eb5005779095fbd733156bdaf9e20e55f7d233cb5946874,CARDANO BLOCKCHAIN ECOSYSTEM CONSTITUTION v2.0,1,,,,160.0,53.0,25.0,0.0,0.0,0.0,,,,3,2026-02-09T18:50:25.950966+00:00,2026-07-05T11:30:04.293384+00:00
gov_action1r44w54hx553mz0sr4cc07f8tlxzj2sa57l2pt3l9pa2ldw42fc7sq5q3rtn,1d6aea56e6a523b13e03ae30ff24ebf9852543b4f7d415c7e50f55f6baaa4e3d,0,TreasuryWithdrawals,expired,573,580,100000000000,stake1uy5wxkqpezym2esqkgvw9yyqyd0rzuhkm206q6cddcxtqjgehj9ty,https://raw.githubusercontent.com/snekadmin/Public/refs/heads/main/data_final.jsonld,2c6f7b5ff6456abf209329c4ce8b72e978722144ef67a60950f684cc8a2a7c0f,Withdraw ₳5M for Cardano's Global Listing Expansion - Powered by Snek,1,,,5000000000000,22.0,154.0,23.0,0.0,0.0,0.0,,,,7,2026-02-09T18:50:25.950966+00:00,2026-07-05T11:30:04.293384+00:00
gov_action1g7sw0f8e8qa34lppj2erksvzf4j6e9udwaq6efslc8apdqeazygsq2spyyt,47a0e7a4f9383b1afc2192b23b41824d65ac978d7741aca61fc1fa16833d1111,0,NewCommittee,enacted,573,580,100000000000,stake1uyvjdz9rxsfsmv44rtk75k2rqyqskrga96dgdfrqjvjjpwsefcjnp,ipfs://bafkreicw6kinbtfwxygoj4jf7khextfq6a3yirlhkldhd7zizdq4xu2ghm,2b225f65102d3eaffc87a84029237926e391d38fc2edb01b70004815e976339f,Replace Interim Constitutional Committee,1,,,,261.0,5.0,10.0,382.0,5.0,7.0,,,,3,2026-02-09T18:50:25.950966+00:00,2026-07-05T11:30:04.293384+00:00
gov_action1fl6r784t2ffw7q96du2znhprw90r3xvrfugvqelgqewgxex42kdqq9tgrd5,4ff43f1eab5252ef00ba6f1429dc23715e3899834f10c067e8065c8364d5559a,0,TreasuryWithdrawals,expired,573,580,100000000000,stake1uy5wxkqpezym2esqkgvw9yyqyd0rzuhkm206q6cddcxtqjgehj9ty,https://raw.githubusercontent.com/snekadmin/Public/refs/heads/main/data.jsonld,73de17cb7080e0b353c4adf33fa7d0f6b75c12ef1c0bd04f87cc8aa5464b3ef4,Cardano Global Listing Expansion - Powered by Snek,1,,,5000000,23.0,151.0,22.0,0.0,0.0,0.0,,,,7,2026-02-09T18:50:25.950966+00:00,2026-07-05T11:30:04.293384+00:00
gov_action193leqzml768nz7nmpepzx822a5mzyanqhtewaxjtul5gp6uhwvfsqgl2qg0,2c7f900b7ff68f317a7b0e42231d4aed36227660baf2ee9a4be7e880eb977313,0,TreasuryWithdrawals,enacted,570,577,100000000000,stake1uyvjdz9rxsfsmv44rtk75k2rqyqskrga96dgdfrqjvjjpwsefcjnp,ipfs://bafkreibelpp2qzjcpeizeobf57tmhl4q6kauutytdve3mqzzjxzp2jqjxm,f0c794a2c0168a534828149ba95e21ef81bfbc659e1461a28c38cb7fb423fec1,"Withdraw ₳99,600 for BloxBean Java Tools Maintenance and Enhancement",1,,,99600000000,140.0,23.0,6.0,0.0,0.0,0.0,,,,4,2026-02-09T18:50:25.950966+00:00,2026-07-05T11:30:04.293384+00:00
gov_action18nefry4qacd80xzs2srjahxm2e4vz3c8wvrr03rrtk8mdqfuknysq66459t,3cf29192a0ee1a77985054072edcdb566ac14707730637c4635d8fb6813cb4c9,0,TreasuryWithdrawals,enacted,570,577,100000000000,stake1uyvjdz9rxsfsmv44rtk75k2rqyqskrga96dgdfrqjvjjpwsefcjnp,ipfs://bafkreihj3ddbz7c52l2s3klalsf4ux5xqkawktom5v5apfral37hs6kpki,daef7fd77381f73cb8ac592762e4073cf18c756d347aefadc8a5bc32c1383a1b,"Withdraw ₳45,217 for MLabs Core Tool Maintenance & Enhancement: Cardano.nix",1,,,45217000000,194.0,23.0,14.0,0.0,0.0,0.0,,,,4,2026-02-09T18:50:25.950966+00:00,2026-07-05T11:30:04.293384+00:00
gov_action13tfag48nf94rtjcdq7c06vhkslmxxw9h6c88sl7q5g5nnewcsvlzzy7m65d,8ad3d454f3496a35cb0d07b0fd32f687f66338b7d60e787fc0a22939e5d8833e,33,TreasuryWithdrawals,enacted,570,577,100000000000,stake1uyvjdz9rxsfsmv44rtk75k2rqyqskrga96dgdfrqjvjjpwsefcjnp,ipfs://bafkreialtiknfumaxc23xjqxs2r4g5qjca3tikopmottieu5iq2sr77b3i,6910800633dc66b84bb36e9ca1b520224ff68cf098e4eec51e621902036f67c3,"Withdraw ₳199,911 for OpShin - Python Smart Contracts for Cardano",1,,,199911000000,142.0,15.0,6.0,0.0,0.0,0.0,,,,4,2026-02-09T18:50:25.950966+00:00,2026-07-05T11:30:04.293384+00:00
gov_action13tfag48nf94rtjcdq7c06vhkslmxxw9h6c88sl7q5g5nnewcsvlzyc3clg6,8ad3d454f3496a35cb0d07b0fd32f687f66338b7d60e787fc0a22939e5d8833e,34,TreasuryWithdrawals,enacted,570,577,100000000000,stake1uyvjdz9rxsfsmv44rtk75k2rqyqskrga96dgdfrqjvjjpwsefcjnp,ipfs://bafkreigrw7v6q2wcnbgjd22ev6eepitgaegtkkmhzwmsccfxmejkc3okbm,e6c107cbeebdb4d1130befae9306527fe0e0f7deabaa23259579ef5ec1f1b6e6,"Withdraw ₳314,800 for PyCardano administered by Intersect",1,,,314800000000,133.0,21.0,6.0,0.0,0.0,0.0,,,,4,2026-02-09T18:50:25.950966+00:00,2026-07-05T11:30:04.293384+00:00
gov_action13tfag48nf94rtjcdq7c06vhkslmxxw9h6c88sl7q5g5nnewcsvlzxt5eumh,8ad3d454f3496a35cb0d07b0fd32f687f66338b7d60e787fc0a22939e5d8833e,35,TreasuryWithdrawals,enacted,570,577,100000000000,stake1uyvjdz9rxsfsmv44rtk75k2rqyqskrga96dgdfrqjvjjpwsefcjnp,ipfs://bafkreicjt5d4y7phbqwyhfkmtz75u2nck3is5cuywkcisnmtsuibdrm3li,1d6faf578358ce2f2a2ce53611e23deefe2710f850410d4c75d362b7b710ac8e,"Withdraw ₳750,000 for Cardano Product Committee: Community-driven 2030 Carda...",1,,,750000000000,162.0,47.0,13.0,0.0,0.0,0.0,,,,4,2026-02-09T18:50:25.950966+00:00,2026-07-05T11:30:04.293384+00:00
gov_action13tfag48nf94rtjcdq7c06vhkslmxxw9h6c88sl7q5g5nnewcsvlzqhm6e8q,8ad3d454f3496a35cb0d07b0fd32f687f66338b7d60e787fc0a22939e5d8833e,32,TreasuryWithdrawals,enacted,570,577,100000000000,stake1uyvjdz9rxsfsmv44rtk75k2rqyqskrga96dgdfrqjvjjpwsefcjnp,ipfs://bafkreigq3zbxymon7of3x4jtn7zrzjk2merntcd54yhvmgsjsduq6h3zwa,05e073547f99696350be0962e120f8af3236b15a36952468055834f97c570d61,"Withdraw ₳26,840,000 for Input Output Research (IOR): Cardano Vision - Wor...",1,,,26840000000000,174.0,14.0,9.0,0.0,0.0,0.0,,,,4,2026-02-09T18:50:25.950966+00:00,2026-07-05T11:30:04.293384+00:00
gov_action13tfag48nf94rtjcdq7c06vhkslmxxw9h6c88sl7q5g5nnewcsvlzgf074ea,8ad3d454f3496a35cb0d07b0fd32f687f66338b7d60e787fc0a22939e5d8833e,36,TreasuryWithdrawals,enacted,570,577,100000000000,stake1uyvjdz9rxsfsmv44rtk75k2rqyqskrga96dgdfrqjvjjpwsefcjnp,ipfs://bafkreig4bosl5dfpmtqguybf4yaffkwo5hcaxxy2k7wlbwdl57twojfk2i,82285aab3908be1a26b7c05cc79afce7eae51f895bcc2cbd70333c8d364000fa,"Withdraw ₳104,347 for MLabs Research towards Tooling for Elliptical Curves...",1,,,104347000000,129.0,21.0,7.0,0.0,0.0,0.0,,,,4,2026-02-09T18:50:25.950966+00:00,2026-07-05T11:30:04.293384+00:00
gov_action13tfag48nf94rtjcdq7c06vhkslmxxw9h6c88sl7q5g5nnewcsvlqz6d98zp,8ad3d454f3496a35cb0d07b0fd32f687f66338b7d60e787fc0a22939e5d8833e,1,TreasuryWithdrawals,enacted,570,577,100000000000,stake1uyvjdz9rxsfsmv44rtk75k2rqyqskrga96dgdfrqjvjjpwsefcjnp,ipfs://bafkreigt5xy56qjxd7dl2s7u6jxec2cfxevynppvgnnjifc2wawr7md5ha,442b57ebf94db21544475a5dbdfe57f50e648646533d31bfa329c280aebfcfe9,"Withdraw ₳96,817,080 for 2025 Input Output Engineering Core Development Proposal",1,,,96817080000000,199.0,6.0,7.0,0.0,0.0,0.0,,,,4,2026-02-09T18:50:25.950966+00:00,2026-07-05T11:30:04.293384+00:00
gov_action13tfag48nf94rtjcdq7c06vhkslmxxw9h6c88sl7q5g5nnewcsvlqyxzxz7k,8ad3d454f3496a35cb0d07b0fd32f687f66338b7d60e787fc0a22939e5d8833e,2,TreasuryWithdrawals,enacted,570,577,100000000000,stake1uyvjdz9rxsfsmv44rtk75k2rqyqskrga96dgdfrqjvjjpwsefcjnp,ipfs://bafkreidgiirfod3axto3xf3nducsao5w4rp6vqrijeh5m6mqgdxotaafbq,8d1c0464f194050638886d250d50900b63761673f6782cdf068ceebaf09624d7,"Withdraw ₳1,300,000 for Blockfrost Platform community budget proposal",1,,,1300000000000,189.0,13.0,13.0,0.0,0.0,0.0,,,,4,2026-02-09T18:50:25.950966+00:00,2026-07-05T11:30:04.293384+00:00
gov_action13tfag48nf94rtjcdq7c06vhkslmxxw9h6c88sl7q5g5nnewcsvlqx488pdm,8ad3d454f3496a35cb0d07b0fd32f687f66338b7d60e787fc0a22939e5d8833e,3,TreasuryWithdrawals,enacted,570,577,100000000000,stake1uyvjdz9rxsfsmv44rtk75k2rqyqskrga96dgdfrqjvjjpwsefcjnp,ipfs://bafkreicmz5a6ylplflowjdj7vjzp6glt45k2r6mnhwlmzq7kjkl3fvuzeu,6aa8145ce310d9cdd733690a36ec68d017ec3c7f5bad82bfb3cf3792dc4787fc,"Withdraw ₳424,800 for Hardware Wallets Maintenance administered by Intersect",1,,,424800000000,183.0,15.0,3.0,0.0,0.0,0.0,,,,4,2026-02-09T18:50:25.950966+00:00,2026-07-05T11:30:04.293384+00:00
gov_action13tfag48nf94rtjcdq7c06vhkslmxxw9h6c88sl7q5g5nnewcsvlqwtnrdnx,8ad3d454f3496a35cb0d07b0fd32f687f66338b7d60e787fc0a22939e5d8833e,7,TreasuryWithdrawals,enacted,570,577,100000000000,stake1uyvjdz9rxsfsmv44rtk75k2rqyqskrga96dgdfrqjvjjpwsefcjnp,ipfs://bafkreigjofgwm4qtwn7r3e6nczaxo7jp4fmhzphozrpcuvnx5k2khlbtty,81d30592754fb8e332e5f5457e92107e0cb98c49a176eed4959067fa65989c54,"Withdraw ₳1,161,000 for zkFold ZK Rollup administered by Intersect",1,,,1161000000000,186.0,12.0,6.0,0.0,0.0,0.0,,,,4,2026-02-09T18:50:25.950966+00:00,2026-07-05T11:30:04.293384+00:00
gov_action13tfag48nf94rtjcdq7c06vhkslmxxw9h6c88sl7q5g5nnewcsvlqvckzwqt,8ad3d454f3496a35cb0d07b0fd32f687f66338b7d60e787fc0a22939e5d8833e,6,TreasuryWithdrawals,enacted,570,577,100000000000,stake1uyvjdz9rxsfsmv44rtk75k2rqyqskrga96dgdfrqjvjjpwsefcjnp,ipfs://bafkreigfhg7nn4pshyogcokcuo7ohpjpw6gaatnm74hum5vungrqwvpxs4,33ee5e233b63202eaee7012a94775a1962655684fb23a1d2fcdef8495b7253b5,"Withdraw ₳130,903 for Lucid Evolution Maintenance administered by Intersect",1,,,130903000000,166.0,15.0,3.0,0.0,0.0,0.0,,,,4,2026-02-09T18:50:25.950966+00:00,2026-07-05T11:30:04.293384+00:00
gov_action13tfag48nf94rtjcdq7c06vhkslmxxw9h6c88sl7q5g5nnewcsvlqudh2k4c,8ad3d454f3496a35cb0d07b0fd32f687f66338b7d60e787fc0a22939e5d8833e,14,TreasuryWithdrawals,enacted,570,577,100000000000,stake1uyvjdz9rxsfsmv44rtk75k2rqyqskrga96dgdfrqjvjjpwsefcjnp,ipfs://bafkreidlgy2mljdxjknsxzpy6im5xkgsw4ticvwqmgedecs53dzdqhgdlu,225fab3a8600db184858739731afcfbaf3edc68f5605f5cac402070d0e11402a,"Withdraw ₳11,070,323 for TWEAG's Proposals for multiple core budget project...",1,,,11070323000000,127.0,34.0,7.0,0.0,0.0,0.0,,,,4,2026-02-09T18:50:25.950966+00:00,2026-07-05T11:30:04.293384+00:00
gov_action13tfag48nf94rtjcdq7c06vhkslmxxw9h6c88sl7q5g5nnewcsvlqsufvuyl,8ad3d454f3496a35cb0d07b0fd32f687f66338b7d60e787fc0a22939e5d8833e,8,TreasuryWithdrawals,enacted,570,577,100000000000,stake1uyvjdz9rxsfsmv44rtk75k2rqyqskrga96dgdfrqjvjjpwsefcjnp,ipfs://bafkreihqhuiuwdjyukw4ul5obxz656ndyz5najokjhdw7mbdscskyaalfu,ec310bd41bbdf756ad1deca9134e47662d4ae40a8ba5db3f4b694088d5cd17e9,"Withdraw ₳220,914 for Dolos: Sustaining a Lightweight Cardano Data Node",1,,,220914000000,174.0,10.0,5.0,0.0,0.0,0.0,,,,4,2026-02-09T18:50:25.950966+00:00,2026-07-05T11:30:04.293384+00:00
gov_action13tfag48nf94rtjcdq7c06vhkslmxxw9h6c88sl7q5g5nnewcsvlqqfgyy3v,8ad3d454f3496a35cb0d07b0fd32f687f66338b7d60e787fc0a22939e5d8833e,0,TreasuryWithdrawals,enacted,570,577,100000000000,stake1uyvjdz9rxsfsmv44rtk75k2rqyqskrga96dgdfrqjvjjpwsefcjnp,ipfs://bafkreidjnukg5c7u5zlkxaciy4hkxfixvtquhx6uzlqpydvrxormfqpdm4,6611ea5602de95d463ecf28f1c4ca26ad91fe7ed499d0a1594e3c2fd528a2a62,"Withdraw ₳2,162,096 for Midgard - Optimistic Rollups administered by Intersect",1,,,2162096000000,198.0,8.0,1.0,0.0,0.0,0.0,,,,4,2026-02-09T18:50:25.950966+00:00,2026-07-05T11:30:04.293384+00:00
gov_action13tfag48nf94rtjcdq7c06vhkslmxxw9h6c88sl7q5g5nnewcsvlqkqx0ecg,8ad3d454f3496a35cb0d07b0fd32f687f66338b7d60e787fc0a22939e5d8833e,11,TreasuryWithdrawals,enacted,570,577,100000000000,stake1uyvjdz9rxsfsmv44rtk75k2rqyqskrga96dgdfrqjvjjpwsefcjnp,ipfs://bafkreiedjhlwerulq5qg5tku2qqremf2cf2dguxvktttnjddei3fxct37a,0865ae8cbb9944db8fe55226ddb81870ef2c437e04ad5f960bf1df6d4248a848,"Withdraw ₳5,885,000 for OSC Budget Proposal - Paid Open Source Model...",1,,,5885000000000,159.0,23.0,5.0,0.0,0.0,0.0,,,,4,2026-02-09T18:50:25.950966+00:00,2026-07-05T11:30:04.293384+00:00
gov_action13tfag48nf94rtjcdq7c06vhkslmxxw9h6c88sl7q5g5nnewcsvlqj0vdlhj,8ad3d454f3496a35cb0d07b0fd32f687f66338b7d60e787fc0a22939e5d8833e,9,TreasuryWithdrawals,enacted,570,577,100000000000,stake1uyvjdz9rxsfsmv44rtk75k2rqyqskrga96dgdfrqjvjjpwsefcjnp,ipfs://bafkreibwg74hpx5vyyixzggxdkunrqy6kdkx2mpp57r6fknkqe7z263omm,544766bf20cf0099532a2c65d58b9a33c6078d8939e14dbfc4c18386d816fb32,"Withdraw ₳300,000 for Ledger App Rewrite administered by Intersect",1,,,300000000000,162.0,19.0,5.0,0.0,0.0,0.0,,,,4,2026-02-09T18:50:25.950966+00:00,2026-07-05T11:30:04.293384+00:00
gov_action13tfag48nf94rtjcdq7c06vhkslmxxw9h6c88sl7q5g5nnewcsvlqghuqg03,8ad3d454f3496a35cb0d07b0fd32f687f66338b7d60e787fc0a22939e5d8833e,4,TreasuryWithdrawals,enacted,570,577,100000000000,stake1uyvjdz9rxsfsmv44rtk75k2rqyqskrga96dgdfrqjvjjpwsefcjnp,ipfs://bafkreigm5xreg7ezyedhowwecyy2qnue3bfhbw5dex5odmvunddeg5jsem,d09693b720a87b5ea098b64dcd6687ece19cb407d3d38b9a08149199591ce39e,"Withdraw ₳220,914 for Pallas: Sustaining Critical Rust Tooling for Cardano",1,,,220914000000,185.0,12.0,6.0,0.0,0.0,0.0,,,,4,2026-02-09T18:50:25.950966+00:00,2026-07-05T11:30:04.293384+00:00
gov_action13tfag48nf94rtjcdq7c06vhkslmxxw9h6c88sl7q5g5nnewcsvlqczags6z,8ad3d454f3496a35cb0d07b0fd32f687f66338b7d60e787fc0a22939e5d8833e,12,TreasuryWithdrawals,enacted,570,577,100000000000,stake1uyvjdz9rxsfsmv44rtk75k2rqyqskrga96dgdfrqjvjjpwsefcjnp,ipfs://bafkreig7hi75t33nvu5t6y4hqf26thdpwvwvqcuzo3o3ehccslrwtf6bwe,35e6ee6e76bc847af8a9731d5341ae697f62485cc1ad946527587663e4ec0862,"Withdraw ₳578,571 for Gerolamo - Cardano node in typescript",1,,,578571000000,157.0,20.0,6.0,0.0,0.0,0.0,,,,4,2026-02-09T18:50:25.950966+00:00,2026-07-05T11:30:04.293384+00:00
gov_action13tfag48nf94rtjcdq7c06vhkslmxxw9h6c88sl7q5g5nnewcsvlq77jt4x4,8ad3d454f3496a35cb0d07b0fd32f687f66338b7d60e787fc0a22939e5d8833e,15,TreasuryWithdrawals,enacted,570,577,100000000000,stake1uyvjdz9rxsfsmv44rtk75k2rqyqskrga96dgdfrqjvjjpwsefcjnp,ipfs://bafkreians5wdbxjgttbajinzfrhdxd7q7mzpfahsyyjntcq4xekts4qasu,0274553f9fd998e540d3259081a7c2ef5eafce501606f588676b95d6f0bcc25f,"Withdraw ₳700,000 for ZK Bridge administered by Intersect",1,,,700000000000,164.0,17.0,5.0,0.0,0.0,0.0,,,,4,2026-02-09T18:50:25.950966+00:00,2026-07-05T11:30:04.293384+00:00
gov_action13tfag48nf94rtjcdq7c06vhkslmxxw9h6c88sl7q5g5nnewcsvlq63cfnf0,8ad3d454f3496a35cb0d07b0fd32f687f66338b7d60e787fc0a22939e5d8833e,13,TreasuryWithdrawals,enacted,570,577,100000000000,stake1uyvjdz9rxsfsmv44rtk75k2rqyqskrga96dgdfrqjvjjpwsefcjnp,ipfs://bafkreienjc55atyjxfy7ij2mthoud6m2um5snifhjvurflfujf4s2sa3le,2c7c141d70a47bbe09bab2d74a777c9bac5e65072b808e56364df23e490e7158,"Withdraw ₳243,478 for MLabs Core Tool Maintenance & Enhancement: Plutarch",1,,,243478000000,152.0,13.0,10.0,0.0,0.0,0.0,,,,4,2026-02-09T18:50:25.950966+00:00,2026-07-05T11:30:04.293384+00:00
gov_action13tfag48nf94rtjcdq7c06vhkslmxxw9h6c88sl7q5g5nnewcsvlq5nrw6t9,8ad3d454f3496a35cb0d07b0fd32f687f66338b7d60e787fc0a22939e5d8833e,10,TreasuryWithdrawals,enacted,570,577,100000000000,stake1uyvjdz9rxsfsmv44rtk75k2rqyqskrga96dgdfrqjvjjpwsefcjnp,ipfs://bafkreicc2dbqlrkqhahasq2qqho3lry2axt4adrfnamro43m56v5sib7hi,9301895f96b7874146af42202c318f5ba09972a435c33a4897d4c4f9ecc369b5,"Withdraw ₳600,000 for Complete Web3 developer stack to make Cardano the smart...",1,,,600000000000,139.0,32.0,5.0,0.0,0.0,0.0,,,,4,2026-02-09T18:50:25.950966+00:00,2026-07-05T11:30:04.293384+00:00
gov_action13tfag48nf94rtjcdq7c06vhkslmxxw9h6c88sl7q5g5nnewcsvlq2yeptuu,8ad3d454f3496a35cb0d07b0fd32f687f66338b7d60e787fc0a22939e5d8833e,5,TreasuryWithdrawals,enacted,570,577,100000000000,stake1uyvjdz9rxsfsmv44rtk75k2rqyqskrga96dgdfrqjvjjpwsefcjnp,ipfs://bafkreibcranrq3y5eh7pcjuvq2tcmlapfw2pc7x3nazwp5lonx6docoayu,ca11386eb00bb251d30325abf0aeac97aeca08e97efe9bd421450ed25c558cbd,"Withdraw ₳220,914 for UTxO RPC: Sustaining Cardano Blockchain Integration",1,,,220914000000,185.0,14.0,5.0,0.0,0.0,0.0,,,,4,2026-02-09T18:50:25.950966+00:00,2026-07-05T11:30:04.293384+00:00
gov_action13tfag48nf94rtjcdq7c06vhkslmxxw9h6c88sl7q5g5nnewcsvlpz4s2af8,8ad3d454f3496a35cb0d07b0fd32f687f66338b7d60e787fc0a22939e5d8833e,17,TreasuryWithdrawals,enacted,570,577,100000000000,stake1uyvjdz9rxsfsmv44rtk75k2rqyqskrga96dgdfrqjvjjpwsefcjnp,ipfs://bafkreiceukwtpmes66twb3axkdmftpg3p5vyfolgcyhkentlbuilc274fq,543eab698dcbf20074c31b7898df8476b48aef779db1117d3b64ca8f224b18a7,"Withdraw ₳657,692 for Scalus - DApps Development Platform",1,,,657692000000,129.0,26.0,6.0,0.0,0.0,0.0,,,,4,2026-02-09T18:50:25.950966+00:00,2026-07-05T11:30:04.293384+00:00
gov_action13tfag48nf94rtjcdq7c06vhkslmxxw9h6c88sl7q5g5nnewcsvlpyflfc4s,8ad3d454f3496a35cb0d07b0fd32f687f66338b7d60e787fc0a22939e5d8833e,18,TreasuryWithdrawals,enacted,570,577,100000000000,stake1uyvjdz9rxsfsmv44rtk75k2rqyqskrga96dgdfrqjvjjpwsefcjnp,ipfs://bafkreicrrim5wicmsnrjpw7gp52jmebn7a2ly6j4eopjkvdsol6adyboqu,8bd3688c66f2735153455586c3d795358d04ef0f29243d22318a926bad73994f,"Withdraw ₳266,667 for Cexplorer.io -- Developer-Focused Blockchain Explorer...",1,,,266667000000,153.0,19.0,6.0,0.0,0.0,0.0,,,,4,2026-02-09T18:50:25.950966+00:00,2026-07-05T11:30:04.293384+00:00
gov_action13tfag48nf94rtjcdq7c06vhkslmxxw9h6c88sl7q5g5nnewcsvlpx66gmxa,8ad3d454f3496a35cb0d07b0fd32f687f66338b7d60e787fc0a22939e5d8833e,19,TreasuryWithdrawals,enacted,570,577,100000000000,stake1uyvjdz9rxsfsmv44rtk75k2rqyqskrga96dgdfrqjvjjpwsefcjnp,ipfs://bafkreihd2hqcfvssop4aqxxqoch63ds6mkpapsfm7j7onyvemzayiby4ua,13b431cf1bf0c152fb7e06906978446f5bcafa88f75c7943c0c3b9d2fed22e6a,"Withdraw ₳605,000 for A free Native Asset CDN for Cardano Developers",1,,,605000000000,146.0,59.0,19.0,0.0,0.0,0.0,,,,4,2026-02-09T18:50:25.950966+00:00,2026-07-05T11:30:04.293384+00:00
gov_action13tfag48nf94rtjcdq7c06vhkslmxxw9h6c88sl7q5g5nnewcsvlpwywvhcq,8ad3d454f3496a35cb0d07b0fd32f687f66338b7d60e787fc0a22939e5d8833e,23,TreasuryWithdrawals,enacted,570,577,100000000000,stake1uyvjdz9rxsfsmv44rtk75k2rqyqskrga96dgdfrqjvjjpwsefcjnp,ipfs://bafkreid2pq5icpp77nfvdvnb5ipy3fqs77tpnls4ngxy6semzkdq7d2z7y,5edb23193df820ab4e8334d2e12fdc57aac5f06fe9a81067aa651b3439b57119,"Withdraw ₳69,459,000 for Catalyst 2025 Proposal by Input Output: Advancing De...",1,,,69459000000000,151.0,15.0,6.0,0.0,0.0,0.0,,,,4,2026-02-09T18:50:25.950966+00:00,2026-07-05T11:30:04.293384+00:00
gov_action13tfag48nf94rtjcdq7c06vhkslmxxw9h6c88sl7q5g5nnewcsvlpvhtd5td,8ad3d454f3496a35cb0d07b0fd32f687f66338b7d60e787fc0a22939e5d8833e,22,TreasuryWithdrawals,enacted,570,577,100000000000,stake1uyvjdz9rxsfsmv44rtk75k2rqyqskrga96dgdfrqjvjjpwsefcjnp,ipfs://bafkreigltrp3abb6s667vrtnyspriii2j4wg25cieulbn26s3v36d4qsay,0fea1e7935a6a4257cf894d12c10ce650bf760b1bfa5cd13f51de6f7cdde9f6a,"Withdraw ₳592,780 for Beyond Minimum Viable Governance: Iteratively Improvin....",1,,,592780000000,162.0,44.0,18.0,0.0,0.0,0.0,,,,4,2026-02-09T18:50:25.950966+00:00,2026-07-05T11:30:04.293384+00:00
gov_action13tfag48nf94rtjcdq7c06vhkslmxxw9h6c88sl7q5g5nnewcsvlpuz29v77,8ad3d454f3496a35cb0d07b0fd32f687f66338b7d60e787fc0a22939e5d8833e,30,TreasuryWithdrawals,expired,570,577,100000000000,stake1uyvjdz9rxsfsmv44rtk75k2rqyqskrga96dgdfrqjvjjpwsefcjnp,ipfs://bafkreidccjzvdy7np2uybq22w4n52cqu2qguoaws4o3j3wvu2rk4n27npq,de0a1dc8171a2b2a55eb65413c8ec85e62a8fb12dd339dee954c1a23e6fe4555,"Withdraw ₳3,000,000 for High-yield RWA Asset for Cardano: Tokenized Real Estate",1,,,3000000000000,93.0,113.0,20.0,0.0,0.0,0.0,,,,4,2026-02-09T18:50:25.950966+00:00,2026-07-05T11:30:04.293384+00:00
gov_action13tfag48nf94rtjcdq7c06vhkslmxxw9h6c88sl7q5g5nnewcsvlpsn5rx0e,8ad3d454f3496a35cb0d07b0fd32f687f66338b7d60e787fc0a22939e5d8833e,24,TreasuryWithdrawals,enacted,570,577,100000000000,stake1uyvjdz9rxsfsmv44rtk75k2rqyqskrga96dgdfrqjvjjpwsefcjnp,ipfs://bafkreidcvqu57gic4bigicuk6ssiykrkrfzi7c3jlwgiyxuskggqnyvcim,d8e6cc4597d146f0a25c86daa9dfa0f3f106db7baa6d32e79c8992d6c36bac43,"Withdraw ₳6,000,000 for Cardano Summit 2025 and regional tech events",1,,,6000000000000,142.0,34.0,10.0,0.0,0.0,0.0,,,,4,2026-02-09T18:50:25.950966+00:00,2026-07-05T11:30:04.293384+00:00
gov_action13tfag48nf94rtjcdq7c06vhkslmxxw9h6c88sl7q5g5nnewcsvlpqx4t762,8ad3d454f3496a35cb0d07b0fd32f687f66338b7d60e787fc0a22939e5d8833e,16,TreasuryWithdrawals,enacted,570,577,100000000000,stake1uyvjdz9rxsfsmv44rtk75k2rqyqskrga96dgdfrqjvjjpwsefcjnp,ipfs://bafkreiechnwimuhwdwovwscljcsypzjlidrmktcbcssoovbgwgxkm4g4d4,e998c36fe5dfefc1d7db075b256ae8a2d0a221c270c4c6beb11bfeebd535c6b4,"Withdraw ₳583,000 for Eternl Maintenance administered by Intersect",1,,,583000000000,143.0,27.0,6.0,0.0,0.0,0.0,,,,4,2026-02-09T18:50:25.950966+00:00,2026-07-05T11:30:04.293384+00:00
gov_action13tfag48nf94rtjcdq7c06vhkslmxxw9h6c88sl7q5g5nnewcsvlpk0mqrnw,8ad3d454f3496a35cb0d07b0fd32f687f66338b7d60e787fc0a22939e5d8833e,27,TreasuryWithdrawals,expired,570,577,100000000000,stake1uyvjdz9rxsfsmv44rtk75k2rqyqskrga96dgdfrqjvjjpwsefcjnp,ipfs://bafkreicek47fmmvljbc2bjosg23x7hj5h7ijg7on447oy5gfuii7opgm6y,e0b3334da88a7d80049cda2f4bd4491582d79fc8f76311eb83f030474ddc3186,"Withdraw ₳1,500,000 for Complement Catalyst: Extended Quadratic Funding---Zer...",1,,,1500000000000,124.0,81.0,15.0,0.0,0.0,0.0,,,,4,2026-02-09T18:50:25.950966+00:00,2026-07-05T11:30:04.293384+00:00
gov_action13tfag48nf94rtjcdq7c06vhkslmxxw9h6c88sl7q5g5nnewcsvlpjq3z9u5,8ad3d454f3496a35cb0d07b0fd32f687f66338b7d60e787fc0a22939e5d8833e,25,TreasuryWithdrawals,enacted,570,577,100000000000,stake1uyvjdz9rxsfsmv44rtk75k2rqyqskrga96dgdfrqjvjjpwsefcjnp,ipfs://bafkreihhdmx6eumwipv4zlhlrbbkz6uj52y6xpzpjgwfnkzzzamtqgmq4u,84772ee63ebacc574a240ed9a4c87b0c9dbd52539f7d648582d3941cd62ae307,"Withdraw ₳6,000,000 for Unveiling the First Unified Global Events Marketing S...",1,,,6000000000000,124.0,51.0,17.0,0.0,0.0,0.0,,,,4,2026-02-09T18:50:25.950966+00:00,2026-07-05T11:30:04.293384+00:00
gov_action13tfag48nf94rtjcdq7c06vhkslmxxw9h6c88sl7q5g5nnewcsvlpgcp0jyh,8ad3d454f3496a35cb0d07b0fd32f687f66338b7d60e787fc0a22939e5d8833e,20,TreasuryWithdrawals,enacted,570,577,100000000000,stake1uyvjdz9rxsfsmv44rtk75k2rqyqskrga96dgdfrqjvjjpwsefcjnp,ipfs://bafkreigivcba5jtrmzvr4ilvokyyzbryry63cz6ctow7tjmmkjxpvgfbsq,8b79b51817672478d2f416c28faaded094679bfe029750df4f5c1800581544d5,"Withdraw ₳212,000 for AdaStat.net Cardano blockchain explorer",1,,,212000000000,153.0,13.0,9.0,0.0,0.0,0.0,,,,4,2026-02-09T18:50:25.950966+00:00,2026-07-05T11:30:04.293384+00:00
gov_action13tfag48nf94rtjcdq7c06vhkslmxxw9h6c88sl7q5g5nnewcsvlpcdq823y,8ad3d454f3496a35cb0d07b0fd32f687f66338b7d60e787fc0a22939e5d8833e,28,TreasuryWithdrawals,enacted,570,577,100000000000,stake1uyvjdz9rxsfsmv44rtk75k2rqyqskrga96dgdfrqjvjjpwsefcjnp,ipfs://bafkreidb56gwlzeuzav2xfubcbqa7txllbl2byiadnlxjdr2dgaqgb7z4m,c75b301ed27728ca5f3f12393b6d289560a26984d2683083a14af527279a4b37,"Withdraw ₳3,126,000 for Ecosystem Exchange Listing and Market Making service...",1,,,3126000000000,115.0,96.0,12.0,0.0,0.0,0.0,,,,4,2026-02-09T18:50:25.950966+00:00,2026-07-05T11:30:04.293384+00:00
gov_action13tfag48nf94rtjcdq7c06vhkslmxxw9h6c88sl7q5g5nnewcsvlp730y0dn,8ad3d454f3496a35cb0d07b0fd32f687f66338b7d60e787fc0a22939e5d8833e,31,TreasuryWithdrawals,enacted,570,577,100000000000,stake1uyvjdz9rxsfsmv44rtk75k2rqyqskrga96dgdfrqjvjjpwsefcjnp,ipfs://bafkreihki45xehzrcyk6e7onyjc3u4mjg3vbd72oi5wfg2h6blemtr65yq,7815312a170820ad2f5ad64e11118e31b4110c4bc995f7bd375911ec32e83c1a,"Withdraw ₳4,000,000 for Expanding Stablecoin / Cardano Native Asset Support...",1,,,4000000000000,113.0,37.0,8.0,0.0,0.0,0.0,,,,4,2026-02-09T18:50:25.950966+00:00,2026-07-05T11:30:04.293384+00:00
gov_action13tfag48nf94rtjcdq7c06vhkslmxxw9h6c88sl7q5g5nnewcsvlp679xfzf,8ad3d454f3496a35cb0d07b0fd32f687f66338b7d60e787fc0a22939e5d8833e,29,TreasuryWithdrawals,enacted,570,577,100000000000,stake1uyvjdz9rxsfsmv44rtk75k2rqyqskrga96dgdfrqjvjjpwsefcjnp,ipfs://bafkreicewinu7ogkkxho7ubwpi6q4iy2xqs2pv4lhvueyz6qe3rkc2icru,2b5c10989138f68e18b3ecf2f762cb0dd5eb233b0e68d6265b5944ac45261425,"Withdraw ₳889,500 for Cardano Ecosystem Pavilions at Exhibitions",1,,,889500000000,136.0,66.0,21.0,0.0,0.0,0.0,,,,4,2026-02-09T18:50:25.950966+00:00,2026-07-05T11:30:04.293384+00:00
gov_action13tfag48nf94rtjcdq7c06vhkslmxxw9h6c88sl7q5g5nnewcsvlp5u7pqqr,8ad3d454f3496a35cb0d07b0fd32f687f66338b7d60e787fc0a22939e5d8833e,26,TreasuryWithdrawals,enacted,570,577,100000000000,stake1uyvjdz9rxsfsmv44rtk75k2rqyqskrga96dgdfrqjvjjpwsefcjnp,ipfs://bafkreidlb2fusg7asmfcnugcrzmfkhk6sb32b4st5ieji2q3oxmbhm6sma,97de3986c77d6dae95e6e41f8aca5485e27392c186e77a8633d47fd2046c975d,"Withdraw ₳12,000,000 for Cardano Builder DAO administered by Intersect",1,,,12000000000000,145.0,40.0,15.0,0.0,0.0,0.0,,,,4,2026-02-09T18:50:25.950966+00:00,2026-07-05T11:30:04.293384+00:00
gov_action13tfag48nf94rtjcdq7c06vhkslmxxw9h6c88sl7q5g5nnewcsvlp2tyw3h6,8ad3d454f3496a35cb0d07b0fd32f687f66338b7d60e787fc0a22939e5d8833e,21,TreasuryWithdrawals,enacted,570,577,100000000000,stake1uyvjdz9rxsfsmv44rtk75k2rqyqskrga96dgdfrqjvjjpwsefcjnp,ipfs://bafkreidy6xsjjpdccodhiurbdcvtcf5tqzkyfgx3ruuhso2ijjuovycuny,b71b018ef4d339cd75de80c9a57259247f1b38242ec2a9ae14f071d78e10352a,"Withdraw ₳15,750,000 for a MBO for the Cardano ecosystem: Intersect",1,,,15750000000000,141.0,39.0,8.0,0.0,0.0,0.0,,,,4,2026-02-09T18:50:25.950966+00:00,2026-07-05T11:30:04.293384+00:00
gov_action1f9da8n2yaf4updxzmwc7fnw8ug2gwnpvqays5n3yw6nz0mu3z2qqq6ggge9,495bd3cd44ea6bc0b4c2dbb1e4cdc7e214874c2c07490a4e2476a627ef911280,0,InfoAction,expired,569,576,100000000000,stake1u8453de8xhhqa9c4ftvylkke8we84tmaq5hz75qwfgaaf2qac45ja,https://most-brass-sun.quicknode-ipfs.com/ipfs/QmQTpreux4fpWQ5jL4gxZVp7Zx6KNWnoRsj1ApU79c8Y2B,215ed153e091e5146cb2e151a78403fa4c0b91034db6a1d3f0291f454d272009,Tempo for Cardono Governance - Maintenance & Development Budget for 2025,1,,,,119.0,75.0,22.0,1.0,11.0,0.0,,,,3,2026-02-09T18:50:25.950966+00:00,2026-07-05T11:30:04.293384+00:00
gov_action1n5sn54mgf47a7men2ryq6ppx88kta4wvenz2qkl4f9v6ppje8easqxwm88m,9d213a57684d7ddf6f3350c80d042639ecbed5ccccc4a05bf54959a086593e7b,0,InfoAction,expired,567,574,100000000000,stake17y4l3fqtsyququwh78qm5dekctf6jenlkylrthqcvnchp5q57axa7,ipfs://QmP9iDuML2VmoFigTJifBj87LxZ3DNnREyU27DE1MrpZDg,b3dc422b419a0e7beee4bf594bcfd344d87e2dc593d0fef5eb1fd218c0a6137b,Cardano GovTool Budget - 12 months full active maintenance and development,1,,,,175.0,53.0,11.0,9.0,4.0,0.0,,,,0,2026-02-09T18:50:25.950966+00:00,2026-07-05T11:30:04.293384+00:00
gov_action1vrkk4dpuss8l3z9g4uc2rmf8ks0f7j534zvz9v4k85dlc54wa3zsqq68rx0,60ed6ab43c840ff888a8af30a1ed27b41e9f4a91a89822b2b63d1bfc52aeec45,0,TreasuryWithdrawals,enacted,566,573,100000000000,stake179vw36vvvkmq32dfa002gtc8mk6v4zv2a74ppaxsz3dejhs72dh4z,ipfs://bafkreifw3qs7brjn4tdvyprnh2r343oerbdghasp5ws6ro55frbpll3dta,d2f633b044f33117ace7cde8c045fcc930060a6dbdd083f7491148a86a3c5ebd,Amaru Treasury Withdrawal 2025,1,,,1500000000000,198.0,6.0,11.0,0.0,0.0,0.0,,,,7,2026-02-09T18:50:25.950966+00:00,2026-07-05T11:30:04.293384+00:00
gov_action1u9x73kwufaxa70lfy59g4ynwyrcsaxdcd0gxzzmh67s9fxq4j8hqqk2phgh,e14de8d9dc4f4ddf3fe9250a8a926e20f10e99b86bd0610b77d7a054981591ee,0,InfoAction,expired,557,564,100000000000,stake1uxldc9fqhu2a8kneufzf2ntmsdlfkk3mn5lh424xxd63jlggk3vdu,ipfs://bafkreibeajhkes7bxjlkghkingcgltqcwazz2ya5oknveqwt5nont7tg6u,b95d8f8e324e9863905f16dbad94c1f25b28b933ae842e6f8ce9841c8da5b197,Cardano Blockchain Ecosystem Budget - 275M ada Administered by Intersect,1,,,,193.0,63.0,13.0,22.0,4.0,2.0,,,,0,2026-02-09T18:50:25.950966+00:00,2026-07-05T11:30:04.293384+00:00
gov_action1vdlrcftd48qn2zz8egepr6xyfcmxpfz8r69k769gc5mhg662adesq9yy8pl,637e3c256da9c1350847ca3211e8c44e3660a4471e8b6f68a8c537746b4aeb73,0,InfoAction,expired,556,563,100000000000,stake1uy5mx9230r5c0a8tp69kpw6773ycm9spghazx9t8gnyfzgs8ymlec,https://ipfs.io/ipfs/bafkreieu47jw2qoxmqz67qyhhj4pi7fssuth5s4mm42qleqtw5tuzs3pgu,ec7179c11582daa390e6d0c3f3cc46b0116d96aadcc74e02aa8d8e91434ab7af,Set a 300 million ADA Net Change Limit for Epochs 563–635,1,,,,109.0,87.0,19.0,10.0,11.0,2.0,,,,3,2026-02-09T18:50:25.950966+00:00,2026-07-05T11:30:04.293384+00:00
gov_action1mmalzkcxpyn33t05hml2hxpwq0ffv6uu4mhe8sv7guz5nmm4afysqlmepzl,defbf15b06092718adf4befeab982e03d2966b9caeef93c19e470549ef75ea49,0,InfoAction,expired,556,563,100000000000,stake1u8453de8xhhqa9c4ftvylkke8we84tmaq5hz75qwfgaaf2qac45ja,https://most-brass-sun.quicknode-ipfs.com/ipfs/QmaWrgqcQS7jYyLYFpvBiamZ4mCoeasL78qaPASDaJ6dT3,4a4c99645a68d29eab6615ac71191cc92c745f92f97cdaf47890be1bad7487a7,2025 Cardano Blockchain Ecosystem Budget - 7.5M ₳ for community builders,1,,,,103.0,66.0,25.0,9.0,10.0,1.0,,,,3,2026-02-09T18:50:25.950966+00:00,2026-07-05T11:30:04.293384+00:00
gov_action1h4ygjv0hjfj3lmafcm76rpdzcm8vsvj9k5wejn3npyxwxm3fesnqqw9kxxz,bd488931f792651fefa9c6fda185a2c6cec83245b51d994e33090ce36e29cc26,0,InfoAction,expired,556,563,100000000000,stake179vw36vvvkmq32dfa002gtc8mk6v4zv2a74ppaxsz3dejhs72dh4z,ipfs://bafkreibqma7t2k4rcywvx5afukahhi3dp2so2ugh7t4ljuawhanvk7sr34,7d2f344f3651a8372ad603abf11fcb310fb3c5154a6592591d1ff97d951156e3,Cardano Blockchain Ecosystem Budget: Amaru Node Development 2025,1,,,,232.0,14.0,10.0,32.0,0.0,0.0,,,,3,2026-02-09T18:50:25.950966+00:00,2026-07-05T11:30:04.293384+00:00
gov_action1fpqwxp2kxvnntr8hpkh9q9djm78ccdww7qlhg5safugh4stmcwzqql5lauu,4840e305563327358cf70dae5015b2df8f8c35cef03f74521d4f117ac17bc384,0,InfoAction,expired,556,563,100000000000,stake1uy7g5hkuaqtdmlv0zzgy3rhnjlrh8va0lchhwrlcuyxyxeq4r5k0w,https://raw.githubusercontent.com/theeldermillenial/2025-liquidity-budget/df0b26d8796b19b566008ea9eaa8f17fef2cb6d4/info.jsonld,97df3a30b767ee5b8e2b9fde824d91d3366985243ed73c06b257c2163f9045db,,0,,,,10.0,135.0,28.0,0.0,7.0,1.0,,,,10,2026-02-09T18:50:25.950966+00:00,2026-07-05T11:30:04.293384+00:00
gov_action10k0unljvaej0kd89w7pn0zkgdx59c7xkl0x5q78dzvdtd73u0kmqq5xl5y5,7d9fc9fe4cee64fb34e57783378ac869a85c78d6fbcd4078ed131ab6fa3c7db6,0,InfoAction,expired,554,561,100000000000,stake1u8453de8xhhqa9c4ftvylkke8we84tmaq5hz75qwfgaaf2qac45ja,https://most-brass-sun.quicknode-ipfs.com/ipfs/QmRrGsZsP5R7cFYFzPXQ9vS2Ux7oTXb1ep1EciLdKqeDWY,30f03001e623d61ae782efe922b21ef79c4a1d06b258fd773d9c762d1a42d9b9,2025 Cardano NCL,1,,,,213.0,85.0,11.0,35.0,1.0,1.0,,,,3,2026-02-09T18:50:25.950966+00:00,2026-07-05T11:30:04.293384+00:00
gov_action1nd3t833j7v5sz65k3tp9yyvztw60sjcjgcgjr37682s3m7frwrusqmd2k80,9b62b3c632f329016a968ac25211825bb4f84b12461121c7da3aa11df92370f9,0,InfoAction,expired,547,554,100000000000,stake1uyguuqwdpexmhgjd07vax5t2ay3f7qvea49ex907g6fmvjclq6l03,ipfs://bafkreiaqno22swabd3kcqt2awtgwaucdzaagacoemxwadm3exrchhnfite,973452e7c4d204c883c6a9e4c311f72ad6237e827ce05e141f3374c8a04f01bc,2025 Net Change Limit,1,,,,201.0,123.0,13.0,27.0,42.0,1.0,,,,3,2026-02-09T18:50:25.950966+00:00,2026-07-05T11:30:04.293384+00:00
gov_action10ueqgzwenxr39le68n0se9peu92r7gm2846xwehh3u0ahc0qd0uqqyljxu5,7f320409d9998712ff3a3cdf0c9439e1543f236a3d746766f78f1fdbe1e06bf8,0,InfoAction,expired,546,553,100000000000,stake1uy6wq23d3w5pdfauralrxun3wd9jqrs39l3yp5kjk5zpz0c7yp4wp,https://raw.githubusercontent.com/blockchainada/ga/refs/heads/main/ga01.jsonld,a2fa375274a2c5efa985a1e9811f27ea1ebf8b8dd88cdf9931a5aa856c73832a,"Set 2025 Net Change Limit of 300M ADA, 2026 Net Change Limit of 250M ADA",0,,,,138.0,112.0,14.0,29.0,22.0,1.0,,,,10,2026-02-09T18:50:25.950966+00:00,2026-07-05T11:30:04.293384+00:00
gov_action12meeq4r43udremwpm6fzt4nt7fctvt0ah7798x036m2r4nhlccmqqhmr9wx,56f39054758f1a3cedc1de9225d66bf270b62dfdbfbc5399f1d6d43aceffc636,0,InfoAction,expired,542,549,100000000000,stake1uyguuqwdpexmhgjd07vax5t2ay3f7qvea49ex907g6fmvjclq6l03,ipfs://bafkreiada4nn5eaezg43esieduks6l57vzkjdo2yfby7yxv6jrat7ilrdq,b160033b47dfc31885c297c55ba6b68afaf7561da3070eced93d84ad70d8f5b3,Defining the Cardano Vision and Roadmap for 2025 and beyond,1,,,,243.0,9.0,21.0,37.0,0.0,2.0,,,,0,2026-02-09T18:50:25.950966+00:00,2026-07-05T11:30:04.293384+00:00
gov_action1js2s9v92zpxg2rge0y3jt9zy626he2m67x9kx9phw4r942kvsn6sqfym0d7,941502b0aa104c850d197923259444d2b57cab7af18b63143775465aaacc84f5,0,ParameterChange,expired,539,546,100000000000,stake1u9jxe8jlwjzw3tkwh229v6mnhz6s898td0a4fan6cky96kgv7haes,ipfs://QmcKQggcpouuhAAvUYGDzoKgMwbZSkWqiEeE6c67SJ3kEq,9b2438f0032a0c24ed62d12d6bdb79b47e2bd0c4d2dd4f4936c055ead7109caf,Decrease Treasury Tax from 20% to 10%,1,,"{""treasury_growth_rate"": 0.1}",,140.0,223.0,11.0,0.0,0.0,0.0,,,,0,2026-02-09T18:50:25.950966+00:00,2026-07-05T11:30:04.293384+00:00
gov_action133jnaewfsq8x6v08ndd87l2yqryp63r30t2dkceacxx5cply5n7sqzlcyqf,8c653ee5c9800e6d31e79b5a7f7d4400c81d44717ad4db633dc18d4c07e4a4fd,0,NewConstitution,enacted,537,544,100000000000,stake1uyguuqwdpexmhgjd07vax5t2ay3f7qvea49ex907g6fmvjclq6l03,ipfs://bafkreiehcekhhsq34ccezwn46brg3euj6tbs4g4yjkav34ukqvbnzaya2a,d085e5af96521ae2670400e76c3a1e4b4eb902139ddaa83bde7580e7e9d7ddec,Cardano Constitution to Replace the Interim Constitution,1,,,,385.0,22.0,6.0,0.0,0.0,0.0,,,,3,2026-02-09T18:50:25.950966+00:00,2026-07-05T11:30:04.293384+00:00
gov_action1pvv5wmjqhwa4u85vu9f4ydmzu2mgt8n7et967ph2urhx53r70xusqnmm525,0b19476e40bbbb5e1e8ce153523762e2b6859e7ecacbaf06eae0ee6a447e79b9,0,HardForkInitiation,enacted,529,536,100000000000,stake1uyguuqwdpexmhgjd07vax5t2ay3f7qvea49ex907g6fmvjclq6l03,https://raw.githubusercontent.com/IntersectMBO/governance-actions/refs/heads/main/mainnet/2024-10-30-hf10/metadata.jsonld,8a1bd37caa6b914a8b569adb63a0f41d8f159c110dc5c8409118a3f087fffb43,"Hard Fork to Protocol Version 10 (""Plomin"" Hard Fork)",1,,,,0.0,0.0,0.0,666.0,4.0,35.0,,,,0,2026-02-09T18:50:25.950966+00:00,2026-07-05T11:30:04.293384+00:00
gov_action1llcd7ezdx299xeep9azm4dvsvz7783qfrhykcu3sv2ykl4sewv2qq4myfpk,fff0df644d328a5367212f45bab59060bde3c4091dc96c723062896fd6197314,0,InfoAction,expired,522,529,100000000000,stake1uyguuqwdpexmhgjd07vax5t2ay3f7qvea49ex907g6fmvjclq6l03,https://raw.githubusercontent.com/IntersectMBO/governance-actions/refs/heads/main/mainnet/2024-11-19-infohf/metadata.jsonld,93106d082a93e94df5aff74f678438bae3a647dac63465fbfcde6a3058f41a1e,Rename the Chang 2 Hard Fork to the Plomin Hard Fork,1,,,,209.0,9.0,8.0,95.0,0.0,0.0,,,,0,2026-02-09T18:50:25.950966+00:00,2026-07-05T11:30:04.293384+00:00
gov_action1k2jertppnnndejjcglszfqq4yzw8evzrd2nt66rr6rqlz54xp0zsq05ecsn,b2a591ac219ce6dcca5847e0248015209c7cb0436aa6bd6863d0c1f152a60bc5,0,ParameterChange,enacted,519,526,100000000000,stake1uyguuqwdpexmhgjd07vax5t2ay3f7qvea49ex907g6fmvjclq6l03,https://raw.githubusercontent.com/IntersectMBO/governance-actions/refs/heads/main/mainnet/2024-11-04-ppu/metadata.jsonld,94deb036c455e4064f7ed4162edbdb7d892ad264094df9a26fd61b5b130d100f,Plutus V3 Cost Model Parameter Changes Prior to Chang#2,1,,"{""cost_model_id"": 253}",,0.0,0.0,0.0,0.0,0.0,0.0,,,,0,2026-02-09T18:50:25.950966+00:00,2026-07-05T11:30:04.293384+00:00
gov_action1286ft23r7jem825s4l0y5rn8sgam0tz2ce04l7a38qmnhp3l9a6qqn850dw,51f495aa23f4b3b3aa90afde4a0e67823bb7ac4ac65f5ffbb138373b863f2f74,0,ParameterChange,expired,518,525,100000000000,stake1uyguuqwdpexmhgjd07vax5t2ay3f7qvea49ex907g6fmvjclq6l03,https://raw.githubusercontent.com/IntersectMBO/governance-actions/refs/heads/main/mainnet/2024-10-21-ppu/metadata.jsonld,3e6b1083a637a740d5b84bb6edf1a5119b81440b31ea84907311b6543ebd39eb,,0,,"{""cost_model_id"": 251}",,0.0,0.0,0.0,0.0,0.0,0.0,,,,10,2026-02-09T18:50:25.950966+00:00,2026-07-05T11:30:04.293384+00:00
gov_action10lty9xka3unprtvdfrqvcjgsz33sjwhv9p06afqzar8au782trtsq7dhd95,7fd6429add8f2611ad8d48c0cc49101463093aec285faea402e8cfde78ea58d7,0,InfoAction,expired,514,521,100000000000,stake1u9aqjs65yw0ateajgej3trlhac40m74ue9rm5wmywshl5jqjdmr4s,https://raw.githubusercontent.com/bigpey/CardanoGovernance/refs/heads/main/infoAction3.jsonld,e68cba056c70187e475f05317ce54eeade3376d5b744b32f2c60492b4984b4bf,Should K increased?,1,,,,88.0,54.0,22.0,51.0,29.0,4.0,,,,3,2026-02-09T18:50:25.950966+00:00,2026-07-05T11:30:04.293384+00:00
gov_action1t87n2vjnavthuggyarerafxx8c7n9mu4c7r96qlfp5uggsjdc8dsqymg588,59fd353253eb177e2104e8f23ea4c63e3d32ef95c7865d03e90d3884424dc1db,0,InfoAction,expired,510,517,100000000000,stake1uys93fhep4lc2u6lu0q09kcxayxzthasded35c0x0w60ugc9s0cm5,https://c-ipfs-gw.nmkr.io/ipfs/QmXdfDSSkR8TYBntMT4nuTL9sE9E44FJnpWVpaY8ZTfwjj,d4efa9e0c3d80f5be35def08551eaf5aef17eae832fdb835e5f4b208d98f3dff,Cardanoの生きがい - Ikigai -,1,,,,104.0,3.0,16.0,44.0,1.0,6.0,,,,3,2026-02-09T18:50:25.950966+00:00,2026-07-05T11:30:04.293384+00:00
gov_action1zhuz5djmmmjg8f9s8pe6grfc98xg3szglums8cgm6qwancp4eytqqmpu0pr,15f82a365bdee483a4b03873a40d3829cc88c048ff3703e11bd01dd9e035c916,0,InfoAction,expired,507,514,100000000000,stake1u9zaaehwt4lkxxmzym2972w6gywy97n7s9kup9ydx8sdhfcjxtusp,ipfs://QmWjcHsrq9kKHZZ7aPPFjqN6wLuxH9d8bcqssmrE7H4cvb,2f98f57c4149fdfed2b73cbd821226fe417ef5ed49d8f836a37b31edf14dea47,Name the next hard fork HOSKY Hard Fork,0,,,,11.0,93.0,21.0,6.0,64.0,3.0,,,,17,2026-02-09T18:50:25.950966+00:00,2026-07-05T11:30:04.293384+00:00
