id,timestamp,source,proposals_found,new_proposals,errors
979,2026-07-15T14:53:43.255161+00:00,beacn-warehouse,150,0,[]
978,2026-07-15T14:30:50.212873+00:00,beacn-warehouse,150,0,[]
977,2026-07-15T12:00:01.289907+00:00,beacn-warehouse,150,0,[]
976,2026-07-15T11:30:04.470338+00:00,beacn-warehouse,150,0,[]
975,2026-07-15T08:00:01.793067+00:00,beacn-warehouse,150,0,[]
974,2026-07-15T04:00:01.749956+00:00,beacn-warehouse,150,0,[]
973,2026-07-15T00:00:01.529173+00:00,beacn-warehouse,150,0,[]
972,2026-07-14T20:00:01.196364+00:00,beacn-warehouse,150,0,[]
971,2026-07-14T16:00:01.369334+00:00,beacn-warehouse,150,0,[]
970,2026-07-14T12:00:01.985658+00:00,beacn-warehouse,150,0,[]
969,2026-07-14T11:30:04.426205+00:00,beacn-warehouse,150,0,[]
968,2026-07-14T08:00:01.644431+00:00,beacn-warehouse,150,0,[]
967,2026-07-14T04:00:01.723853+00:00,beacn-warehouse,150,0,[]
966,2026-07-14T00:00:01.745014+00:00,beacn-warehouse,150,0,[]
965,2026-07-13T20:00:01.488679+00:00,beacn-warehouse,150,0,[]
964,2026-07-13T16:00:01.883814+00:00,beacn-warehouse,150,0,[]
963,2026-07-13T15:15:32.806919+00:00,beacn-warehouse,150,0,[]
962,2026-07-13T12:51:08.349508+00:00,beacn-warehouse,150,0,[]
961,2026-07-13T12:00:01.425894+00:00,beacn-warehouse,150,0,[]
960,2026-07-13T08:00:01.404535+00:00,beacn-warehouse,150,0,[]
959,2026-07-13T04:00:01.257392+00:00,beacn-warehouse,150,0,[]
958,2026-07-13T00:00:01.877002+00:00,beacn-warehouse,150,0,[]
957,2026-07-12T20:00:02.090595+00:00,beacn-warehouse,150,0,[]
956,2026-07-12T16:00:01.972632+00:00,beacn-warehouse,150,0,[]
955,2026-07-12T12:00:01.774836+00:00,beacn-warehouse,150,0,[]
954,2026-07-12T08:00:01.236585+00:00,beacn-warehouse,150,0,[]
953,2026-07-12T06:30:09.446323+00:00,beacn-warehouse,150,0,[]
952,2026-07-12T04:00:01.285582+00:00,beacn-warehouse,150,0,[]
951,2026-07-12T00:00:01.462089+00:00,beacn-warehouse,150,0,[]
950,2026-07-11T20:00:01.950414+00:00,beacn-warehouse,150,0,[]
949,2026-07-11T13:00:01.324289+00:00,beacn-warehouse,150,0,[]
948,2026-07-11T11:30:05.186378+00:00,beacn-warehouse,150,0,[]
947,2026-07-11T09:00:01.626397+00:00,beacn-warehouse,150,0,[]
946,2026-07-11T05:00:01.618281+00:00,beacn-warehouse,150,0,[]
945,2026-07-11T01:00:01.584563+00:00,beacn-warehouse,150,0,[]
944,2026-07-10T21:00:01.414884+00:00,beacn-warehouse,150,0,[]
943,2026-07-10T17:00:01.814998+00:00,beacn-warehouse,150,0,[]
942,2026-07-10T13:00:02.055081+00:00,beacn-warehouse,150,0,[]
941,2026-07-10T12:44:41.901950+00:00,beacn-warehouse,150,0,[]
940,2026-07-10T11:30:04.499477+00:00,beacn-warehouse,150,0,[]
939,2026-07-10T09:00:02.032241+00:00,beacn-warehouse,150,0,[]
938,2026-07-10T05:00:01.227617+00:00,beacn-warehouse,150,0,[]
937,2026-07-10T03:21:53.574905+00:00,beacn-warehouse,150,0,[]
936,2026-07-10T01:00:01.379812+00:00,beacn-warehouse,150,0,[]
935,2026-07-09T21:00:01.798380+00:00,beacn-warehouse,150,1,[]
934,2026-07-09T17:00:01.459156+00:00,beacn-warehouse,149,0,[]
933,2026-07-09T13:00:01.556091+00:00,beacn-warehouse,149,0,[]
932,2026-07-09T09:00:01.877671+00:00,beacn-warehouse,149,0,[]
931,2026-07-09T05:00:01.341687+00:00,beacn-warehouse,149,0,[]
930,2026-07-09T01:00:01.341525+00:00,beacn-warehouse,149,0,[]
929,2026-07-08T21:00:01.494422+00:00,beacn-warehouse,149,0,[]
928,2026-07-08T17:00:01.958724+00:00,beacn-warehouse,149,0,[]
927,2026-07-08T13:00:01.379906+00:00,beacn-warehouse,149,0,[]
926,2026-07-08T11:30:04.410760+00:00,beacn-warehouse,149,0,[]
925,2026-07-08T09:00:01.363242+00:00,beacn-warehouse,149,0,[]
924,2026-07-08T05:00:01.231638+00:00,beacn-warehouse,149,1,[]
923,2026-07-08T01:00:01.186449+00:00,beacn-warehouse,148,0,[]
922,2026-07-07T21:00:01.830677+00:00,beacn-warehouse,148,148,[]
921,2026-07-07T17:00:01.583523+00:00,none,0,0,"[""Both Koios and Blockfrost unavailable""]"
920,2026-07-07T13:00:01.166949+00:00,koios,148,0,[]
919,2026-07-07T11:30:04.567018+00:00,koios,148,0,[]
918,2026-07-07T09:00:02.062758+00:00,koios,148,0,[]
917,2026-07-07T05:00:01.889034+00:00,koios,148,0,[]
916,2026-07-07T01:00:01.879261+00:00,koios,148,0,[]
915,2026-07-06T21:00:01.514577+00:00,koios,148,0,[]
914,2026-07-06T17:00:02.050468+00:00,koios,148,0,[]
913,2026-07-06T13:00:01.424929+00:00,koios,148,0,[]
912,2026-07-06T11:30:04.947340+00:00,none,0,0,"[""Both Koios and Blockfrost unavailable""]"
911,2026-07-06T09:00:01.454411+00:00,koios,148,0,[]
910,2026-07-06T05:00:01.963402+00:00,koios,148,0,[]
909,2026-07-06T01:00:01.306105+00:00,koios,148,0,[]
908,2026-07-05T21:00:02.067589+00:00,koios,148,0,[]
907,2026-07-05T17:00:01.465641+00:00,koios,148,0,[]
906,2026-07-05T13:00:01.932386+00:00,koios,148,0,[]
905,2026-07-05T11:30:04.293384+00:00,koios,148,0,[]
904,2026-07-05T09:00:01.468297+00:00,koios,148,0,[]
903,2026-07-05T05:00:01.983974+00:00,koios,148,0,[]
902,2026-07-05T01:00:01.804681+00:00,koios,148,0,[]
901,2026-07-04T21:00:01.197869+00:00,koios,148,0,[]
900,2026-07-04T17:12:10.753320+00:00,koios,148,0,[]
899,2026-07-04T17:00:02.052887+00:00,koios,148,0,[]
898,2026-07-04T16:25:25.448943+00:00,koios,148,0,[]
897,2026-07-04T13:00:01.404598+00:00,koios,148,0,[]
896,2026-07-04T11:30:04.054598+00:00,koios,148,0,[]
895,2026-07-04T09:00:01.567950+00:00,koios,148,0,[]
894,2026-07-04T05:00:01.333766+00:00,koios,148,0,[]
893,2026-07-04T04:07:22.030574+00:00,koios,148,0,[]
892,2026-07-04T01:00:01.331674+00:00,koios,148,0,[]
891,2026-07-03T21:00:02.028723+00:00,koios,148,1,[]
890,2026-07-03T17:00:02.019100+00:00,koios,147,0,[]
889,2026-07-03T13:00:01.536404+00:00,koios,147,0,[]
888,2026-07-03T11:30:04.861084+00:00,koios,147,0,[]
887,2026-07-03T09:00:01.994825+00:00,koios,147,0,[]
886,2026-07-03T05:00:02.072870+00:00,koios,147,0,[]
885,2026-07-03T01:00:02.099208+00:00,koios,147,0,[]
884,2026-07-02T21:00:01.361977+00:00,koios,147,0,[]
883,2026-07-02T17:00:02.064972+00:00,koios,147,1,[]
882,2026-07-02T13:00:02.086284+00:00,koios,146,0,[]
881,2026-07-02T11:30:04.314259+00:00,none,0,0,"[""Both Koios and Blockfrost unavailable""]"
880,2026-07-02T09:00:01.770046+00:00,koios,146,0,[]
879,2026-07-02T05:00:01.667187+00:00,koios,146,0,[]
878,2026-07-02T01:00:01.493897+00:00,koios,146,0,[]
877,2026-07-01T23:06:08.058006+00:00,koios,146,0,[]
876,2026-07-01T21:00:01.460645+00:00,koios,146,0,[]
875,2026-07-01T17:00:01.446229+00:00,koios,146,0,[]
874,2026-07-01T13:00:01.462694+00:00,koios,146,0,[]
873,2026-07-01T11:30:04.304518+00:00,koios,146,0,[]
872,2026-07-01T09:00:01.535552+00:00,koios,146,0,[]
871,2026-07-01T05:00:02.046236+00:00,none,0,0,"[""Both Koios and Blockfrost unavailable""]"
870,2026-07-01T01:00:01.264166+00:00,koios,146,0,[]
869,2026-06-30T21:00:01.145163+00:00,koios,146,0,[]
868,2026-06-30T17:00:01.949960+00:00,none,0,0,"[""Both Koios and Blockfrost unavailable""]"
867,2026-06-30T13:00:01.552448+00:00,koios,146,0,[]
866,2026-06-30T11:30:07.591683+00:00,koios,146,1,[]
865,2026-06-30T09:00:01.814066+00:00,koios,145,0,[]
864,2026-06-30T05:00:01.489332+00:00,koios,145,0,[]
863,2026-06-30T01:00:01.866863+00:00,koios,145,0,[]
862,2026-06-29T21:00:01.258607+00:00,koios,145,0,[]
861,2026-06-29T17:00:01.588683+00:00,koios,145,1,[]
860,2026-06-29T13:00:01.611094+00:00,koios,144,0,[]
859,2026-06-29T11:30:04.760483+00:00,koios,144,0,[]
858,2026-06-29T09:00:01.619141+00:00,koios,144,0,[]
857,2026-06-29T05:00:01.933252+00:00,koios,144,0,[]
856,2026-06-29T01:00:02.078788+00:00,koios,144,0,[]
855,2026-06-28T21:00:01.858726+00:00,koios,144,0,[]
854,2026-06-28T17:00:02.070342+00:00,koios,144,0,[]
853,2026-06-28T13:00:02.020033+00:00,koios,144,0,[]
852,2026-06-28T11:30:04.118858+00:00,koios,144,0,[]
851,2026-06-28T09:00:01.298425+00:00,koios,144,0,[]
850,2026-06-28T05:00:02.080436+00:00,koios,144,0,[]
849,2026-06-28T01:00:01.322195+00:00,koios,144,0,[]
848,2026-06-27T21:00:01.714024+00:00,koios,144,0,[]
847,2026-06-27T17:00:01.414477+00:00,koios,144,0,[]
846,2026-06-27T13:00:01.735618+00:00,koios,144,0,[]
845,2026-06-27T11:30:05.109066+00:00,koios,144,0,[]
844,2026-06-27T09:00:01.267810+00:00,koios,144,0,[]
843,2026-06-27T05:00:01.901164+00:00,koios,144,0,[]
842,2026-06-27T01:00:01.811559+00:00,none,0,0,"[""Both Koios and Blockfrost unavailable""]"
841,2026-06-26T21:00:01.259895+00:00,koios,144,0,[]
840,2026-06-26T17:00:01.820643+00:00,koios,144,1,[]
839,2026-06-26T13:00:01.798943+00:00,koios,143,0,[]
838,2026-06-26T11:30:04.040035+00:00,koios,143,0,[]
837,2026-06-26T09:00:01.750915+00:00,koios,143,0,[]
836,2026-06-26T05:00:01.726562+00:00,koios,143,0,[]
835,2026-06-26T01:00:01.502675+00:00,koios,143,0,[]
834,2026-06-25T21:00:01.741312+00:00,koios,143,0,[]
833,2026-06-25T17:00:01.570010+00:00,koios,143,0,[]
832,2026-06-25T13:00:01.297721+00:00,koios,143,0,[]
831,2026-06-25T11:30:05.376591+00:00,koios,143,0,[]
830,2026-06-25T09:00:01.474493+00:00,koios,143,0,[]
829,2026-06-25T05:00:01.809476+00:00,koios,143,0,[]
828,2026-06-25T01:00:01.922422+00:00,koios,143,1,[]
827,2026-06-24T21:00:01.900671+00:00,koios,142,1,[]
826,2026-06-24T17:00:01.229615+00:00,koios,141,1,[]
825,2026-06-24T13:00:01.586960+00:00,koios,140,0,[]
824,2026-06-24T11:30:07.993974+00:00,koios,140,0,[]
823,2026-06-24T09:00:01.990318+00:00,koios,140,0,[]
822,2026-06-24T05:00:01.938278+00:00,koios,140,1,[]
821,2026-06-24T01:00:01.385077+00:00,koios,139,0,[]
820,2026-06-23T21:00:01.595469+00:00,koios,139,0,[]
819,2026-06-23T17:00:01.584060+00:00,koios,139,11,[]
818,2026-06-23T13:00:01.585658+00:00,koios,128,0,[]
817,2026-06-23T11:30:04.586142+00:00,koios,128,0,[]
816,2026-06-23T09:00:01.941831+00:00,koios,128,0,[]
815,2026-06-23T05:00:01.414417+00:00,koios,128,0,[]
814,2026-06-23T01:00:01.786220+00:00,koios,128,0,[]
813,2026-06-22T21:00:01.470524+00:00,koios,128,0,[]
812,2026-06-22T17:00:01.646942+00:00,koios,128,0,[]
811,2026-06-22T13:00:01.799346+00:00,koios,128,0,[]
810,2026-06-22T11:30:04.837137+00:00,koios,128,0,[]
809,2026-06-22T09:00:01.969390+00:00,koios,128,0,[]
808,2026-06-22T05:00:01.670912+00:00,koios,128,0,[]
807,2026-06-22T01:00:01.210833+00:00,koios,128,0,[]
806,2026-06-21T21:00:01.907535+00:00,koios,128,0,[]
805,2026-06-21T17:00:01.337115+00:00,koios,128,0,[]
804,2026-06-21T13:00:01.575870+00:00,koios,128,0,[]
803,2026-06-21T11:30:04.836672+00:00,koios,128,0,[]
802,2026-06-21T09:00:01.932232+00:00,koios,128,0,[]
801,2026-06-21T05:00:01.499751+00:00,koios,128,0,[]
800,2026-06-21T01:00:01.491896+00:00,koios,128,0,[]
799,2026-06-20T21:00:01.197929+00:00,none,0,0,"[""Both Koios and Blockfrost unavailable""]"
798,2026-06-20T17:00:01.815243+00:00,none,0,0,"[""Both Koios and Blockfrost unavailable""]"
797,2026-06-20T13:00:01.449208+00:00,koios,128,0,[]
796,2026-06-20T11:30:04.209051+00:00,koios,128,0,[]
795,2026-06-20T09:00:01.795258+00:00,koios,128,0,[]
794,2026-06-20T05:00:02.080349+00:00,koios,128,0,[]
793,2026-06-20T01:00:01.683797+00:00,koios,128,0,[]
792,2026-06-19T21:00:01.427616+00:00,koios,128,0,[]
791,2026-06-19T17:00:01.604470+00:00,koios,128,0,[]
790,2026-06-19T15:54:29.407158+00:00,koios,128,0,[]
789,2026-06-19T13:00:01.836186+00:00,koios,128,0,[]
788,2026-06-19T11:30:04.631850+00:00,koios,128,0,[]
787,2026-06-19T09:00:01.580127+00:00,koios,128,0,[]
786,2026-06-19T05:00:01.537420+00:00,koios,128,0,[]
785,2026-06-19T01:00:01.473596+00:00,koios,128,0,[]
784,2026-06-18T21:00:02.024158+00:00,koios,128,1,[]
783,2026-06-18T20:14:57.948249+00:00,koios,127,0,[]
782,2026-06-18T18:04:38.565551+00:00,koios,127,0,[]
781,2026-06-18T17:00:01.613167+00:00,koios,127,0,[]
780,2026-06-18T13:00:01.401661+00:00,koios,127,0,[]
779,2026-06-18T11:30:05.648104+00:00,koios,127,0,[]
778,2026-06-18T09:00:01.364007+00:00,koios,127,0,[]
777,2026-06-18T05:00:01.905647+00:00,koios,127,0,[]
776,2026-06-18T01:00:01.289916+00:00,koios,127,0,[]
775,2026-06-17T23:45:24.325845+00:00,koios,127,0,[]
774,2026-06-17T21:00:01.876480+00:00,koios,127,0,[]
773,2026-06-17T17:00:01.882503+00:00,none,0,0,"[""Both Koios and Blockfrost unavailable""]"
772,2026-06-17T13:00:01.416478+00:00,koios,127,0,[]
771,2026-06-17T11:30:04.402693+00:00,koios,127,0,[]
770,2026-06-17T09:00:01.620378+00:00,koios,127,0,[]
769,2026-06-17T05:00:01.560911+00:00,koios,127,0,[]
768,2026-06-17T01:00:02.087612+00:00,koios,127,0,[]
767,2026-06-16T21:00:01.545991+00:00,koios,127,0,[]
766,2026-06-16T17:00:02.086757+00:00,koios,127,1,[]
765,2026-06-16T13:00:01.637007+00:00,koios,126,0,[]
764,2026-06-16T11:30:04.531219+00:00,koios,126,1,[]
763,2026-06-16T09:00:01.594887+00:00,koios,125,0,[]
762,2026-06-16T05:00:02.106276+00:00,koios,125,0,[]
761,2026-06-16T01:00:01.735800+00:00,koios,125,0,[]
760,2026-06-16T00:57:18.891226+00:00,koios,125,0,[]
759,2026-06-15T21:00:01.611552+00:00,koios,125,0,[]
758,2026-06-15T17:00:01.147419+00:00,koios,125,0,[]
757,2026-06-15T15:21:58.675624+00:00,koios,125,0,[]
756,2026-06-15T13:00:02.078231+00:00,none,0,0,"[""Both Koios and Blockfrost unavailable""]"
755,2026-06-15T09:00:01.449041+00:00,koios,125,0,[]
754,2026-06-15T05:00:01.481118+00:00,koios,125,0,[]
753,2026-06-15T01:00:01.378819+00:00,koios,125,0,[]
752,2026-06-14T21:00:01.214411+00:00,koios,125,0,[]
751,2026-06-14T17:00:01.287719+00:00,koios,125,0,[]
750,2026-06-14T13:00:01.307878+00:00,koios,125,0,[]
749,2026-06-14T09:00:01.686867+00:00,koios,125,0,[]
748,2026-06-14T05:00:01.758122+00:00,koios,125,0,[]
747,2026-06-14T01:00:01.150178+00:00,koios,125,0,[]
746,2026-06-13T21:00:01.257528+00:00,koios,125,0,[]
745,2026-06-13T17:00:01.897613+00:00,koios,125,0,[]
744,2026-06-13T13:00:01.670691+00:00,koios,125,0,[]
743,2026-06-13T09:00:01.172735+00:00,koios,125,0,[]
742,2026-06-13T05:00:01.246987+00:00,koios,125,0,[]
741,2026-06-13T01:00:01.846287+00:00,koios,125,0,[]
740,2026-06-12T21:00:01.362952+00:00,koios,125,0,[]
739,2026-06-12T17:00:01.896274+00:00,koios,125,0,[]
738,2026-06-12T13:00:01.356692+00:00,koios,125,0,[]
737,2026-06-12T09:00:01.549884+00:00,koios,125,0,[]
736,2026-06-12T05:00:01.256461+00:00,koios,125,0,[]
735,2026-06-12T01:00:01.480061+00:00,koios,125,0,[]
734,2026-06-11T21:00:01.296060+00:00,koios,125,0,[]
733,2026-06-11T17:00:01.789285+00:00,koios,125,0,[]
732,2026-06-11T13:00:01.240745+00:00,koios,125,0,[]
731,2026-06-11T09:00:01.652943+00:00,koios,125,0,[]
730,2026-06-11T05:00:01.918435+00:00,koios,125,0,[]
729,2026-06-11T01:00:01.207263+00:00,koios,125,0,[]
728,2026-06-10T21:00:01.372530+00:00,koios,125,0,[]
727,2026-06-10T17:00:01.621453+00:00,koios,125,0,[]
726,2026-06-10T13:00:02.036160+00:00,koios,125,0,[]
725,2026-06-10T09:00:01.692639+00:00,koios,125,0,[]
724,2026-06-10T05:00:01.789612+00:00,koios,125,0,[]
723,2026-06-10T01:00:01.629019+00:00,koios,125,0,[]
722,2026-06-09T21:00:01.393252+00:00,koios,125,0,[]
721,2026-06-09T17:00:01.167198+00:00,koios,125,2,[]
720,2026-06-09T13:00:01.555088+00:00,koios,123,0,[]
719,2026-06-09T09:00:01.874225+00:00,koios,123,0,[]
718,2026-06-09T05:00:01.292082+00:00,koios,123,0,[]
717,2026-06-09T01:00:01.987315+00:00,koios,123,0,[]
716,2026-06-08T21:00:01.290664+00:00,koios,123,1,[]
715,2026-06-08T17:00:01.458827+00:00,koios,122,0,[]
714,2026-06-08T13:00:01.155668+00:00,koios,122,0,[]
713,2026-06-08T09:00:01.431990+00:00,koios,122,0,[]
712,2026-06-08T05:00:01.736719+00:00,koios,122,0,[]
711,2026-06-08T01:00:01.409955+00:00,koios,122,0,[]
710,2026-06-07T21:00:01.541913+00:00,koios,122,0,[]
709,2026-06-07T17:00:01.203124+00:00,koios,122,0,[]
708,2026-06-07T13:00:01.641403+00:00,koios,122,0,[]
707,2026-06-07T09:00:01.619588+00:00,koios,122,0,[]
706,2026-06-07T05:00:01.854960+00:00,koios,122,0,[]
705,2026-06-07T01:00:01.969859+00:00,koios,122,0,[]
704,2026-06-06T21:00:01.902270+00:00,koios,122,0,[]
703,2026-06-06T17:00:01.963951+00:00,none,0,0,"[""Both Koios and Blockfrost unavailable""]"
702,2026-06-06T13:00:01.848978+00:00,koios,122,0,[]
701,2026-06-06T09:00:01.557770+00:00,none,0,0,"[""Both Koios and Blockfrost unavailable""]"
700,2026-06-06T05:00:01.238507+00:00,koios,122,0,[]
699,2026-06-06T01:00:02.074233+00:00,koios,122,0,[]
698,2026-06-05T21:00:01.749231+00:00,koios,122,1,[]
697,2026-06-05T17:00:01.581354+00:00,koios,121,0,[]
696,2026-06-05T13:00:01.827262+00:00,koios,121,0,[]
695,2026-06-05T09:00:01.431200+00:00,koios,121,0,[]
694,2026-06-05T05:00:01.763071+00:00,koios,121,0,[]
693,2026-06-05T01:00:01.714831+00:00,koios,121,0,[]
692,2026-06-04T21:00:01.399690+00:00,koios,121,0,[]
691,2026-06-04T17:00:02.092282+00:00,koios,121,0,[]
690,2026-06-04T13:00:01.959845+00:00,koios,121,0,[]
689,2026-06-04T09:00:01.540380+00:00,koios,121,0,[]
688,2026-06-04T05:00:02.016992+00:00,koios,121,0,[]
687,2026-06-04T01:00:01.272873+00:00,koios,121,0,[]
686,2026-06-03T21:00:01.808657+00:00,koios,121,0,[]
685,2026-06-03T17:00:01.693941+00:00,koios,121,1,[]
684,2026-06-03T13:00:01.724656+00:00,koios,120,0,[]
683,2026-06-03T09:00:01.600810+00:00,koios,120,0,[]
682,2026-06-03T05:00:01.551032+00:00,koios,120,0,[]
681,2026-06-03T01:00:02.029796+00:00,koios,120,0,[]
680,2026-06-02T21:00:01.433658+00:00,koios,120,0,[]
679,2026-06-02T17:00:01.508134+00:00,koios,120,0,[]
678,2026-06-02T13:00:01.243753+00:00,koios,120,0,[]
677,2026-06-02T09:00:01.183965+00:00,koios,120,0,[]
676,2026-06-02T05:00:01.471935+00:00,koios,120,0,[]
675,2026-06-02T01:00:01.966156+00:00,koios,120,0,[]
674,2026-06-01T21:00:01.659975+00:00,koios,120,0,[]
673,2026-06-01T17:00:01.254233+00:00,koios,120,0,[]
672,2026-06-01T13:00:01.418389+00:00,koios,120,0,[]
671,2026-06-01T09:00:01.221430+00:00,koios,120,0,[]
670,2026-06-01T05:00:01.501863+00:00,koios,120,0,[]
669,2026-06-01T01:00:01.877366+00:00,none,0,0,"[""Both Koios and Blockfrost unavailable""]"
668,2026-05-31T21:00:01.705714+00:00,none,0,0,"[""Both Koios and Blockfrost unavailable""]"
667,2026-05-31T17:00:02.053267+00:00,koios,120,0,[]
666,2026-05-31T13:00:01.618366+00:00,koios,120,0,[]
665,2026-05-31T09:00:01.896319+00:00,koios,120,0,[]
664,2026-05-31T05:00:01.443382+00:00,koios,120,0,[]
663,2026-05-31T01:00:01.664717+00:00,koios,120,0,[]
662,2026-05-30T21:00:01.829502+00:00,koios,120,0,[]
661,2026-05-30T17:00:01.194868+00:00,none,0,0,"[""Both Koios and Blockfrost unavailable""]"
660,2026-05-30T13:00:01.692773+00:00,koios,120,0,[]
659,2026-05-30T09:00:01.400029+00:00,koios,120,0,[]
658,2026-05-30T05:00:01.636908+00:00,koios,120,0,[]
657,2026-05-30T01:00:01.196431+00:00,koios,120,0,[]
656,2026-05-29T21:00:01.953626+00:00,koios,120,1,[]
655,2026-05-29T17:00:01.175008+00:00,koios,119,0,[]
654,2026-05-29T13:00:01.338613+00:00,koios,119,0,[]
653,2026-05-29T09:00:02.092707+00:00,koios,119,0,[]
652,2026-05-29T05:00:01.981145+00:00,koios,119,0,[]
651,2026-05-29T01:00:01.717007+00:00,koios,119,0,[]
650,2026-05-28T21:00:01.158367+00:00,koios,119,0,[]
649,2026-05-28T17:00:01.638545+00:00,koios,119,0,[]
648,2026-05-28T13:00:01.274912+00:00,koios,119,0,[]
647,2026-05-28T09:00:01.428747+00:00,koios,119,0,[]
646,2026-05-28T05:00:01.568346+00:00,koios,119,0,[]
645,2026-05-28T01:00:02.080891+00:00,koios,119,0,[]
644,2026-05-27T21:00:01.490022+00:00,koios,119,0,[]
643,2026-05-27T17:00:01.777416+00:00,koios,119,0,[]
642,2026-05-27T13:00:01.286250+00:00,koios,119,0,[]
641,2026-05-27T09:00:01.420230+00:00,koios,119,0,[]
640,2026-05-27T05:00:01.874340+00:00,koios,119,0,[]
639,2026-05-27T01:00:01.336174+00:00,koios,119,0,[]
638,2026-05-26T21:00:01.557361+00:00,koios,119,0,[]
637,2026-05-26T17:00:01.905723+00:00,koios,119,1,[]
636,2026-05-26T13:00:02.087543+00:00,koios,118,0,[]
635,2026-05-26T09:00:01.654498+00:00,koios,118,0,[]
634,2026-05-26T05:00:01.546206+00:00,koios,118,0,[]
633,2026-05-26T01:00:01.843507+00:00,koios,118,0,[]
632,2026-05-25T21:00:01.187431+00:00,koios,118,0,[]
631,2026-05-25T17:00:01.872871+00:00,koios,118,0,[]
630,2026-05-25T13:00:01.964203+00:00,koios,118,0,[]
629,2026-05-25T09:00:01.616421+00:00,koios,118,0,[]
628,2026-05-25T05:00:01.172663+00:00,koios,118,0,[]
627,2026-05-25T01:00:02.125318+00:00,koios,118,0,[]
626,2026-05-24T21:00:01.485021+00:00,koios,118,0,[]
625,2026-05-24T17:00:01.673328+00:00,koios,118,0,[]
624,2026-05-24T13:00:01.789292+00:00,koios,118,0,[]
623,2026-05-24T09:00:01.485841+00:00,koios,118,0,[]
622,2026-05-24T05:00:01.474308+00:00,koios,118,0,[]
621,2026-05-24T01:00:02.088080+00:00,koios,118,0,[]
620,2026-05-23T21:00:02.001658+00:00,koios,118,0,[]
619,2026-05-23T17:00:01.416687+00:00,koios,118,0,[]
618,2026-05-23T13:00:01.314969+00:00,koios,118,0,[]
617,2026-05-23T09:00:02.032674+00:00,koios,118,0,[]
616,2026-05-23T05:00:01.948251+00:00,koios,118,0,[]
615,2026-05-23T01:00:01.316889+00:00,koios,118,0,[]
614,2026-05-22T21:00:02.057655+00:00,koios,118,0,[]
613,2026-05-22T17:00:01.533793+00:00,koios,118,0,[]
612,2026-05-22T13:00:01.768355+00:00,koios,118,0,[]
611,2026-05-22T09:00:01.162563+00:00,koios,118,0,[]
610,2026-05-22T05:00:02.070606+00:00,koios,118,0,[]
609,2026-05-22T01:00:01.743888+00:00,koios,118,0,[]
608,2026-05-21T21:00:01.740402+00:00,koios,118,0,[]
607,2026-05-21T17:00:01.351980+00:00,koios,118,1,[]
606,2026-05-21T13:00:02.044039+00:00,koios,117,0,[]
605,2026-05-21T09:00:01.749416+00:00,koios,117,0,[]
604,2026-05-21T05:00:01.852117+00:00,koios,117,0,[]
603,2026-05-21T01:00:01.213288+00:00,koios,117,0,[]
602,2026-05-20T21:00:01.412104+00:00,koios,117,1,[]
601,2026-05-20T17:00:01.501541+00:00,koios,116,0,[]
600,2026-05-20T13:00:01.845319+00:00,koios,116,0,[]
599,2026-05-20T09:00:01.643901+00:00,koios,116,0,[]
598,2026-05-20T05:00:01.468188+00:00,koios,116,0,[]
597,2026-05-20T01:00:01.801289+00:00,koios,116,0,[]
596,2026-05-19T21:00:02.021464+00:00,koios,116,0,[]
595,2026-05-19T17:00:01.746624+00:00,koios,116,0,[]
594,2026-05-19T13:00:01.754208+00:00,koios,116,0,[]
593,2026-05-19T09:00:01.188800+00:00,koios,116,0,[]
592,2026-05-19T05:00:01.213467+00:00,koios,116,0,[]
591,2026-05-19T01:00:01.506332+00:00,koios,116,0,[]
590,2026-05-18T21:00:01.303680+00:00,koios,116,0,[]
589,2026-05-18T17:00:01.824165+00:00,koios,116,0,[]
588,2026-05-18T13:00:01.295358+00:00,koios,116,0,[]
587,2026-05-18T09:00:01.909488+00:00,koios,116,0,[]
586,2026-05-18T05:00:01.379692+00:00,koios,116,0,[]
585,2026-05-18T01:00:01.744494+00:00,koios,116,0,[]
584,2026-05-17T21:00:01.265817+00:00,koios,116,0,[]
583,2026-05-17T17:00:01.424542+00:00,koios,116,0,[]
582,2026-05-17T13:00:01.324830+00:00,koios,116,0,[]
581,2026-05-17T09:00:01.820307+00:00,koios,116,0,[]
580,2026-05-17T05:00:01.594915+00:00,koios,116,0,[]
579,2026-05-17T01:00:02.027148+00:00,koios,116,0,[]
578,2026-05-16T21:00:01.849200+00:00,koios,116,0,[]
577,2026-05-16T17:00:01.405916+00:00,koios,116,0,[]
576,2026-05-16T13:00:01.378802+00:00,koios,116,0,[]
575,2026-05-16T09:00:01.315476+00:00,koios,116,0,[]
574,2026-05-16T05:00:01.920429+00:00,koios,116,0,[]
573,2026-05-16T01:00:01.561361+00:00,koios,116,0,[]
572,2026-05-15T21:00:01.900162+00:00,koios,116,0,[]
571,2026-05-15T17:00:01.717644+00:00,koios,116,0,[]
570,2026-05-15T13:00:01.617489+00:00,koios,116,1,[]
569,2026-05-15T09:00:02.103382+00:00,koios,115,0,[]
568,2026-05-15T05:00:01.195996+00:00,koios,115,0,[]
567,2026-05-15T01:00:01.161379+00:00,koios,115,0,[]
566,2026-05-14T21:00:01.698516+00:00,koios,115,0,[]
565,2026-05-14T17:00:01.143972+00:00,koios,115,1,[]
564,2026-05-14T13:00:01.571996+00:00,koios,114,0,[]
563,2026-05-14T09:00:01.328464+00:00,koios,114,0,[]
562,2026-05-14T05:00:01.194983+00:00,koios,114,0,[]
561,2026-05-14T01:00:01.649480+00:00,koios,114,0,[]
560,2026-05-13T21:00:02.076526+00:00,koios,114,0,[]
559,2026-05-13T17:00:01.586907+00:00,koios,114,0,[]
558,2026-05-13T13:00:01.456083+00:00,koios,114,0,[]
557,2026-05-13T09:00:01.749732+00:00,koios,114,0,[]
556,2026-05-13T05:00:01.834649+00:00,koios,114,0,[]
555,2026-05-13T01:00:01.643085+00:00,koios,114,0,[]
554,2026-05-12T21:00:01.952762+00:00,koios,114,0,[]
553,2026-05-12T17:00:01.390045+00:00,koios,114,0,[]
552,2026-05-12T13:00:01.240221+00:00,koios,114,0,[]
551,2026-05-12T09:00:01.308135+00:00,koios,114,0,[]
550,2026-05-12T05:00:02.084340+00:00,koios,114,0,[]
549,2026-05-12T01:00:01.549799+00:00,koios,114,0,[]
548,2026-05-11T21:00:01.266271+00:00,koios,114,1,[]
547,2026-05-11T17:00:01.598734+00:00,koios,113,0,[]
546,2026-05-11T13:00:01.576083+00:00,koios,113,0,[]
545,2026-05-11T09:00:01.861867+00:00,koios,113,0,[]
544,2026-05-11T05:00:01.979670+00:00,koios,113,0,[]
543,2026-05-11T01:00:01.832357+00:00,koios,113,0,[]
542,2026-05-10T21:00:01.551058+00:00,koios,113,0,[]
541,2026-05-10T17:00:02.032370+00:00,koios,113,0,[]
540,2026-05-10T13:00:01.834002+00:00,koios,113,0,[]
539,2026-05-10T09:00:01.143866+00:00,koios,113,0,[]
538,2026-05-10T05:00:01.699799+00:00,koios,113,0,[]
537,2026-05-10T01:00:01.763534+00:00,koios,113,0,[]
536,2026-05-09T21:00:02.079629+00:00,koios,113,0,[]
535,2026-05-09T17:00:01.562487+00:00,koios,113,0,[]
534,2026-05-09T13:00:01.389374+00:00,koios,113,0,[]
533,2026-05-09T09:00:01.856091+00:00,koios,113,0,[]
532,2026-05-09T05:00:01.726392+00:00,koios,113,0,[]
531,2026-05-09T01:00:01.322522+00:00,koios,113,0,[]
530,2026-05-08T21:00:01.895254+00:00,koios,113,0,[]
529,2026-05-08T17:00:01.215866+00:00,koios,113,0,[]
528,2026-05-08T13:00:01.440844+00:00,koios,113,0,[]
527,2026-05-08T09:00:01.997327+00:00,koios,113,0,[]
526,2026-05-08T05:00:01.840529+00:00,koios,113,0,[]
525,2026-05-08T01:00:01.597862+00:00,koios,113,0,[]
524,2026-05-07T21:00:01.447593+00:00,koios,113,0,[]
523,2026-05-07T17:00:01.928031+00:00,koios,113,0,[]
522,2026-05-07T13:00:01.854769+00:00,koios,113,0,[]
521,2026-05-07T09:00:01.536027+00:00,koios,113,1,[]
520,2026-05-07T05:00:01.597051+00:00,koios,112,0,[]
519,2026-05-07T01:00:01.324355+00:00,koios,112,0,[]
518,2026-05-06T21:00:01.585020+00:00,koios,112,0,[]
517,2026-05-06T17:00:01.879464+00:00,koios,112,0,[]
516,2026-05-06T13:00:01.318774+00:00,koios,112,0,[]
515,2026-05-06T09:00:01.839916+00:00,koios,112,0,[]
514,2026-05-06T05:00:01.648788+00:00,koios,112,0,[]
513,2026-05-06T01:00:02.099507+00:00,koios,112,0,[]
512,2026-05-05T21:00:01.545831+00:00,koios,112,0,[]
511,2026-05-05T17:00:01.624553+00:00,koios,112,0,[]
510,2026-05-05T13:00:01.276289+00:00,koios,112,0,[]
509,2026-05-05T09:00:01.768202+00:00,koios,112,0,[]
508,2026-05-05T05:00:01.333848+00:00,koios,112,0,[]
507,2026-05-05T01:00:01.617081+00:00,koios,112,2,[]
506,2026-05-04T21:00:01.556134+00:00,koios,110,0,[]
505,2026-05-04T17:00:01.968458+00:00,koios,110,0,[]
504,2026-05-04T13:00:01.985279+00:00,koios,110,0,[]
503,2026-05-04T09:00:01.950219+00:00,koios,110,1,[]
502,2026-05-04T05:00:02.087444+00:00,koios,109,0,[]
501,2026-05-04T01:00:02.045148+00:00,koios,109,0,[]
500,2026-05-03T21:00:01.943794+00:00,koios,109,0,[]
499,2026-05-03T17:00:02.072270+00:00,koios,109,0,[]
498,2026-05-03T13:00:01.664821+00:00,koios,109,0,[]
497,2026-05-03T09:00:01.580291+00:00,koios,109,0,[]
496,2026-05-03T05:00:02.077363+00:00,koios,109,0,[]
495,2026-05-03T01:00:01.283302+00:00,koios,109,0,[]
494,2026-05-02T21:00:01.652192+00:00,koios,109,0,[]
493,2026-05-02T17:00:01.933646+00:00,koios,109,0,[]
492,2026-05-02T13:00:02.014466+00:00,koios,109,0,[]
491,2026-05-02T09:00:01.632172+00:00,koios,109,0,[]
490,2026-05-02T05:00:01.757188+00:00,koios,109,0,[]
489,2026-05-02T01:00:01.964394+00:00,koios,109,0,[]
488,2026-05-01T21:00:01.307568+00:00,koios,109,0,[]
487,2026-05-01T17:00:01.967446+00:00,koios,109,0,[]
486,2026-05-01T13:00:01.471562+00:00,koios,109,0,[]
485,2026-05-01T09:00:01.441395+00:00,koios,109,0,[]
484,2026-05-01T05:00:01.544516+00:00,koios,109,0,[]
483,2026-05-01T01:00:02.069826+00:00,koios,109,0,[]
482,2026-04-30T21:00:01.359429+00:00,koios,109,0,[]
481,2026-04-30T17:00:01.759652+00:00,koios,109,1,[]
480,2026-04-30T13:00:01.345695+00:00,koios,108,0,[]
479,2026-04-30T09:00:01.414586+00:00,koios,108,2,[]
478,2026-04-30T05:00:02.059349+00:00,koios,106,0,[]
477,2026-04-30T01:00:01.412148+00:00,koios,106,0,[]
476,2026-04-29T21:00:02.105370+00:00,koios,106,0,[]
475,2026-04-29T17:00:01.846813+00:00,koios,106,0,[]
474,2026-04-29T13:00:02.073441+00:00,koios,106,0,[]
473,2026-04-29T09:00:01.238538+00:00,koios,106,1,[]
472,2026-04-29T05:00:02.081254+00:00,koios,105,0,[]
471,2026-04-29T01:00:01.333139+00:00,koios,105,0,[]
470,2026-04-28T21:00:01.841166+00:00,koios,105,0,[]
469,2026-04-28T17:00:02.090347+00:00,koios,105,0,[]
468,2026-04-28T13:00:01.166698+00:00,koios,105,0,[]
467,2026-04-28T09:00:01.587898+00:00,koios,105,0,[]
466,2026-04-28T05:00:01.558664+00:00,koios,105,0,[]
465,2026-04-28T01:00:01.427042+00:00,koios,105,0,[]
464,2026-04-27T21:00:02.011775+00:00,koios,105,0,[]
463,2026-04-27T17:00:01.745016+00:00,koios,105,0,[]
462,2026-04-27T13:00:01.549055+00:00,koios,105,0,[]
461,2026-04-27T09:00:01.373895+00:00,koios,105,0,[]
460,2026-04-27T05:00:01.963784+00:00,koios,105,0,[]
459,2026-04-27T01:00:01.929276+00:00,koios,105,0,[]
458,2026-04-26T21:00:01.256614+00:00,koios,105,0,[]
457,2026-04-26T17:00:01.359608+00:00,koios,105,0,[]
456,2026-04-26T13:00:01.667193+00:00,koios,105,0,[]
455,2026-04-26T09:00:01.898593+00:00,koios,105,0,[]
454,2026-04-26T05:00:01.910599+00:00,koios,105,0,[]
453,2026-04-26T01:00:01.312855+00:00,koios,105,0,[]
452,2026-04-25T21:00:01.401782+00:00,koios,105,0,[]
451,2026-04-25T17:00:01.605069+00:00,koios,105,0,[]
450,2026-04-25T13:00:01.903131+00:00,koios,105,0,[]
449,2026-04-25T09:00:01.939027+00:00,koios,105,0,[]
448,2026-04-25T05:00:01.304476+00:00,koios,105,0,[]
447,2026-04-25T01:00:01.204038+00:00,koios,105,0,[]
446,2026-04-24T21:00:01.502201+00:00,koios,105,0,[]
445,2026-04-24T17:00:01.169729+00:00,koios,105,0,[]
444,2026-04-24T13:00:01.264697+00:00,koios,105,0,[]
443,2026-04-24T09:00:01.145028+00:00,koios,105,0,[]
442,2026-04-24T05:00:01.716421+00:00,koios,105,0,[]
441,2026-04-24T01:00:01.713162+00:00,koios,105,0,[]
440,2026-04-23T21:00:01.862474+00:00,koios,105,0,[]
439,2026-04-23T17:00:01.732198+00:00,koios,105,0,[]
438,2026-04-23T13:00:01.455791+00:00,koios,105,0,[]
437,2026-04-23T09:00:01.979269+00:00,koios,105,0,[]
436,2026-04-23T05:00:01.558311+00:00,koios,105,0,[]
435,2026-04-23T01:00:01.818789+00:00,koios,105,0,[]
434,2026-04-22T21:00:01.287939+00:00,koios,105,0,[]
433,2026-04-22T17:00:01.781056+00:00,koios,105,9,[]
432,2026-04-22T13:00:01.312994+00:00,koios,96,0,[]
431,2026-04-22T09:00:01.134437+00:00,koios,96,0,[]
430,2026-04-22T05:00:01.734654+00:00,koios,96,0,[]
429,2026-04-22T01:00:01.582791+00:00,koios,96,0,[]
428,2026-04-21T21:00:01.737707+00:00,koios,96,0,[]
427,2026-04-21T17:00:01.615160+00:00,koios,96,0,[]
426,2026-04-21T13:00:01.322457+00:00,koios,96,0,[]
425,2026-04-21T09:00:01.221753+00:00,koios,96,0,[]
424,2026-04-21T05:00:01.879421+00:00,koios,96,0,[]
423,2026-04-21T01:00:02.031478+00:00,koios,96,0,[]
422,2026-04-20T21:00:01.837506+00:00,koios,96,0,[]
421,2026-04-20T17:00:02.126537+00:00,koios,96,0,[]
420,2026-04-20T13:00:01.396073+00:00,koios,96,0,[]
419,2026-04-20T09:00:01.484810+00:00,koios,96,0,[]
418,2026-04-20T05:00:01.558239+00:00,koios,96,0,[]
417,2026-04-20T01:00:01.388225+00:00,koios,96,0,[]
416,2026-04-19T21:00:01.474157+00:00,koios,96,0,[]
415,2026-04-19T17:00:01.798394+00:00,koios,96,0,[]
414,2026-04-19T13:00:01.174462+00:00,koios,96,0,[]
413,2026-04-19T09:00:01.144697+00:00,koios,96,0,[]
412,2026-04-19T05:00:01.669393+00:00,koios,96,0,[]
411,2026-04-19T01:00:01.460930+00:00,koios,96,0,[]
410,2026-04-18T21:00:01.493867+00:00,koios,96,0,[]
409,2026-04-18T17:00:01.146435+00:00,koios,96,0,[]
408,2026-04-18T13:00:01.449653+00:00,koios,96,0,[]
407,2026-04-18T09:00:01.188882+00:00,koios,96,0,[]
406,2026-04-18T05:00:01.648121+00:00,koios,96,0,[]
405,2026-04-18T01:00:01.346596+00:00,koios,96,0,[]
404,2026-04-17T21:00:02.108771+00:00,koios,96,0,[]
403,2026-04-17T17:00:01.866050+00:00,koios,96,0,[]
402,2026-04-17T13:00:01.669006+00:00,koios,96,0,[]
401,2026-04-17T09:00:01.716550+00:00,koios,96,0,[]
400,2026-04-17T05:00:01.611055+00:00,koios,96,0,[]
399,2026-04-17T01:00:01.368459+00:00,koios,96,0,[]
398,2026-04-16T21:00:02.110386+00:00,koios,96,0,[]
397,2026-04-16T17:00:01.539714+00:00,koios,96,0,[]
396,2026-04-16T13:00:01.326180+00:00,koios,96,0,[]
395,2026-04-16T09:00:02.065900+00:00,koios,96,0,[]
394,2026-04-16T05:00:01.319715+00:00,koios,96,0,[]
393,2026-04-16T01:00:01.446761+00:00,koios,96,0,[]
392,2026-04-15T21:00:01.252882+00:00,koios,96,0,[]
391,2026-04-15T17:00:01.519178+00:00,koios,96,0,[]
390,2026-04-15T13:00:01.512368+00:00,koios,96,0,[]
389,2026-04-15T09:00:01.680105+00:00,koios,96,0,[]
388,2026-04-15T05:00:01.935704+00:00,koios,96,0,[]
387,2026-04-15T01:00:01.721983+00:00,koios,96,0,[]
386,2026-04-14T21:00:02.112134+00:00,koios,96,0,[]
385,2026-04-14T17:00:01.399478+00:00,koios,96,0,[]
384,2026-04-14T13:00:02.104521+00:00,koios,96,0,[]
383,2026-04-14T09:00:01.223679+00:00,koios,96,0,[]
382,2026-04-14T05:00:01.389095+00:00,koios,96,0,[]
381,2026-04-14T01:00:01.915536+00:00,koios,96,0,[]
380,2026-04-13T21:00:02.044699+00:00,koios,96,0,[]
379,2026-04-13T17:00:01.382258+00:00,koios,96,0,[]
378,2026-04-13T13:00:01.181305+00:00,koios,96,0,[]
377,2026-04-13T09:00:01.753916+00:00,koios,96,0,[]
376,2026-04-13T05:00:01.314736+00:00,koios,96,0,[]
375,2026-04-13T01:00:01.609845+00:00,koios,96,0,[]
374,2026-04-12T21:00:02.070474+00:00,koios,96,0,[]
373,2026-04-12T17:00:01.811770+00:00,koios,96,0,[]
372,2026-04-12T13:00:01.525193+00:00,koios,96,0,[]
371,2026-04-12T09:00:01.399785+00:00,none,0,0,"[""Both Koios and Blockfrost unavailable""]"
370,2026-04-12T05:00:01.517621+00:00,koios,96,0,[]
369,2026-04-12T01:00:01.368527+00:00,koios,96,0,[]
368,2026-04-11T21:00:01.183352+00:00,koios,96,0,[]
367,2026-04-11T17:00:01.373653+00:00,koios,96,0,[]
366,2026-04-11T13:00:01.419417+00:00,koios,96,0,[]
365,2026-04-11T09:00:01.372115+00:00,koios,96,0,[]
364,2026-04-11T05:00:01.988873+00:00,koios,96,0,[]
363,2026-04-11T01:00:01.226864+00:00,koios,96,0,[]
362,2026-04-10T21:00:01.163604+00:00,koios,96,0,[]
361,2026-04-10T17:00:01.127044+00:00,koios,96,0,[]
360,2026-04-10T13:00:01.319306+00:00,koios,96,0,[]
359,2026-04-10T09:00:01.971211+00:00,koios,96,0,[]
358,2026-04-10T05:00:01.842687+00:00,none,0,0,"[""Both Koios and Blockfrost unavailable""]"
357,2026-04-10T01:00:01.680520+00:00,koios,96,0,[]
356,2026-04-09T21:00:01.985844+00:00,koios,96,0,[]
355,2026-04-09T17:00:01.685055+00:00,koios,96,1,[]
354,2026-04-09T13:00:01.484418+00:00,koios,95,0,[]
353,2026-04-09T09:00:01.813273+00:00,koios,95,0,[]
352,2026-04-09T05:00:02.028773+00:00,koios,95,0,[]
351,2026-04-09T01:00:01.610921+00:00,koios,95,0,[]
350,2026-04-08T21:00:01.890174+00:00,koios,95,0,[]
349,2026-04-08T17:00:01.213814+00:00,koios,95,0,[]
348,2026-04-08T13:00:01.495301+00:00,koios,95,0,[]
347,2026-04-08T09:00:01.639496+00:00,koios,95,0,[]
346,2026-04-08T05:00:01.673123+00:00,koios,95,0,[]
345,2026-04-08T01:00:01.509003+00:00,koios,95,0,[]
344,2026-04-07T21:00:01.543855+00:00,koios,95,0,[]
343,2026-04-07T17:00:01.167804+00:00,koios,95,0,[]
342,2026-04-07T13:00:01.738605+00:00,koios,95,0,[]
341,2026-04-07T09:00:01.626392+00:00,koios,95,0,[]
340,2026-04-07T05:00:01.780920+00:00,koios,95,0,[]
339,2026-04-07T01:00:02.016319+00:00,koios,95,0,[]
338,2026-04-06T21:00:02.128215+00:00,koios,95,0,[]
337,2026-04-06T17:00:01.694429+00:00,koios,95,0,[]
336,2026-04-06T13:00:01.822861+00:00,koios,95,0,[]
335,2026-04-06T09:00:01.620267+00:00,koios,95,0,[]
334,2026-04-06T05:00:01.184857+00:00,koios,95,0,[]
333,2026-04-06T01:00:01.581506+00:00,koios,95,0,[]
332,2026-04-05T21:00:01.652327+00:00,koios,95,0,[]
331,2026-04-05T17:00:01.239455+00:00,koios,95,0,[]
330,2026-04-05T13:00:01.966300+00:00,koios,95,0,[]
329,2026-04-05T09:00:01.592587+00:00,koios,95,0,[]
328,2026-04-05T05:00:01.404986+00:00,koios,95,0,[]
327,2026-04-05T01:00:01.610711+00:00,koios,95,0,[]
326,2026-04-04T21:00:01.529921+00:00,none,0,0,"[""Both Koios and Blockfrost unavailable""]"
325,2026-04-04T17:00:01.947888+00:00,koios,95,0,[]
324,2026-04-04T13:00:01.553167+00:00,koios,95,0,[]
323,2026-04-04T09:00:01.704128+00:00,koios,95,0,[]
322,2026-04-04T05:00:01.520044+00:00,koios,95,0,[]
321,2026-04-04T01:00:01.626244+00:00,koios,95,0,[]
320,2026-04-03T21:00:01.919446+00:00,koios,95,0,[]
319,2026-04-03T17:00:01.414842+00:00,koios,95,0,[]
318,2026-04-03T13:00:01.904596+00:00,koios,95,0,[]
317,2026-04-03T09:00:01.783699+00:00,koios,95,0,[]
316,2026-04-03T05:00:01.294570+00:00,koios,95,0,[]
315,2026-04-03T01:00:01.775485+00:00,koios,95,0,[]
314,2026-04-02T21:00:01.373381+00:00,koios,95,0,[]
313,2026-04-02T17:00:01.302588+00:00,koios,95,0,[]
312,2026-04-02T13:00:01.879238+00:00,koios,95,0,[]
311,2026-04-02T09:00:02.089060+00:00,koios,95,0,[]
310,2026-04-02T05:00:01.852089+00:00,koios,95,0,[]
309,2026-04-02T01:00:02.061653+00:00,koios,95,0,[]
308,2026-04-01T21:00:01.345315+00:00,koios,95,0,[]
307,2026-04-01T17:00:01.546823+00:00,koios,95,0,[]
306,2026-04-01T13:00:01.291255+00:00,koios,95,0,[]
305,2026-04-01T09:00:01.833154+00:00,koios,95,0,[]
304,2026-04-01T05:00:01.841076+00:00,koios,95,0,[]
303,2026-04-01T01:00:02.037408+00:00,koios,95,0,[]
302,2026-03-31T21:00:01.578263+00:00,koios,95,0,[]
301,2026-03-31T17:00:01.709500+00:00,koios,95,0,[]
300,2026-03-31T13:00:01.375889+00:00,koios,95,0,[]
299,2026-03-31T09:00:01.284988+00:00,koios,95,0,[]
298,2026-03-31T05:00:01.409852+00:00,koios,95,0,[]
297,2026-03-31T01:00:01.753084+00:00,koios,95,0,[]
296,2026-03-30T21:00:01.732280+00:00,koios,95,0,[]
295,2026-03-30T17:00:01.200290+00:00,koios,95,0,[]
294,2026-03-30T13:00:01.831594+00:00,koios,95,0,[]
293,2026-03-30T09:00:01.702751+00:00,koios,95,0,[]
292,2026-03-30T05:00:01.264651+00:00,koios,95,0,[]
291,2026-03-30T01:00:01.961125+00:00,koios,95,0,[]
290,2026-03-29T21:00:01.512222+00:00,koios,95,0,[]
289,2026-03-29T17:00:01.462080+00:00,koios,95,1,[]
288,2026-03-29T13:00:01.272802+00:00,koios,94,0,[]
287,2026-03-29T09:00:01.882622+00:00,koios,94,0,[]
286,2026-03-29T05:00:01.731645+00:00,koios,94,0,[]
285,2026-03-29T01:00:02.017153+00:00,koios,94,0,[]
284,2026-03-28T21:00:01.532340+00:00,koios,94,0,[]
283,2026-03-28T17:00:02.077584+00:00,koios,94,0,[]
282,2026-03-28T13:00:01.562180+00:00,koios,94,0,[]
281,2026-03-28T09:00:01.855110+00:00,koios,94,0,[]
280,2026-03-28T05:00:01.672732+00:00,koios,94,0,[]
279,2026-03-28T01:00:02.108798+00:00,koios,94,0,[]
278,2026-03-27T21:00:01.875962+00:00,koios,94,0,[]
277,2026-03-27T17:00:01.684489+00:00,koios,94,0,[]
276,2026-03-27T13:00:01.336425+00:00,koios,94,0,[]
275,2026-03-27T09:00:01.895007+00:00,koios,94,0,[]
274,2026-03-27T05:00:01.382278+00:00,koios,94,0,[]
273,2026-03-27T01:00:02.121337+00:00,koios,94,0,[]
272,2026-03-26T21:00:02.073351+00:00,koios,94,0,[]
271,2026-03-26T17:00:01.996093+00:00,koios,94,0,[]
270,2026-03-26T13:00:02.021071+00:00,koios,94,0,[]
269,2026-03-26T09:00:01.389504+00:00,koios,94,0,[]
268,2026-03-26T05:00:01.264215+00:00,koios,94,0,[]
267,2026-03-26T01:00:01.750415+00:00,koios,94,0,[]
266,2026-03-25T21:00:01.292920+00:00,koios,94,0,[]
265,2026-03-25T17:00:02.111918+00:00,koios,94,0,[]
264,2026-03-25T13:00:02.009603+00:00,koios,94,0,[]
263,2026-03-25T09:00:01.426203+00:00,koios,94,0,[]
262,2026-03-25T05:00:02.058210+00:00,koios,94,0,[]
261,2026-03-25T04:02:55.819525+00:00,koios,94,0,[]
260,2026-03-25T01:00:01.957828+00:00,koios,102,0,[]
259,2026-03-24T21:00:01.566232+00:00,koios,102,0,[]
258,2026-03-24T17:00:01.178369+00:00,koios,94,0,[]
257,2026-03-24T13:00:01.361244+00:00,koios,94,0,[]
256,2026-03-24T09:00:01.559882+00:00,koios,94,0,[]
255,2026-03-24T05:00:01.545519+00:00,koios,102,0,[]
254,2026-03-24T01:00:01.295128+00:00,koios,102,0,[]
253,2026-03-23T21:00:01.771760+00:00,koios,94,0,[]
252,2026-03-23T17:00:01.765524+00:00,koios,102,0,[]
251,2026-03-23T13:00:01.347894+00:00,koios,94,0,[]
250,2026-03-23T09:00:01.973851+00:00,koios,94,0,[]
249,2026-03-23T05:00:02.022304+00:00,koios,94,0,[]
248,2026-03-23T01:00:01.576974+00:00,koios,102,0,[]
247,2026-03-22T21:00:01.354205+00:00,koios,94,0,[]
246,2026-03-22T17:00:01.755583+00:00,koios,94,0,[]
245,2026-03-22T13:00:01.370911+00:00,koios,102,0,[]
244,2026-03-22T09:00:01.553249+00:00,koios,102,0,[]
243,2026-03-22T05:00:02.033780+00:00,koios,102,0,[]
242,2026-03-22T01:00:01.763449+00:00,koios,102,0,[]
241,2026-03-21T21:00:01.743763+00:00,koios,102,0,[]
240,2026-03-21T17:00:01.395973+00:00,koios,102,0,[]
239,2026-03-21T13:00:01.247991+00:00,koios,102,0,[]
238,2026-03-21T09:00:01.197386+00:00,koios,102,0,[]
237,2026-03-21T05:00:01.183135+00:00,koios,102,0,[]
236,2026-03-21T01:00:01.978490+00:00,koios,102,0,[]
235,2026-03-20T21:00:01.238305+00:00,koios,102,0,[]
234,2026-03-20T17:00:01.215866+00:00,koios,102,0,[]
233,2026-03-20T13:00:02.044994+00:00,koios,102,0,[]
232,2026-03-20T09:00:01.666823+00:00,koios,102,0,[]
231,2026-03-20T05:00:01.413572+00:00,koios,102,0,[]
230,2026-03-20T01:00:01.529708+00:00,koios,102,0,[]
229,2026-03-19T21:00:01.788967+00:00,koios,102,0,[]
228,2026-03-19T17:00:01.218930+00:00,koios,102,0,[]
227,2026-03-19T13:00:01.170558+00:00,koios,102,0,[]
226,2026-03-19T09:00:01.208283+00:00,koios,102,0,[]
225,2026-03-19T05:00:02.002260+00:00,koios,102,0,[]
224,2026-03-19T01:00:01.332839+00:00,koios,102,0,[]
223,2026-03-18T21:00:01.234712+00:00,koios,102,0,[]
222,2026-03-18T17:00:01.838588+00:00,koios,102,0,[]
221,2026-03-18T13:00:01.765471+00:00,koios,102,0,[]
220,2026-03-18T09:00:01.370270+00:00,koios,102,0,[]
219,2026-03-18T05:00:01.787336+00:00,koios,102,0,[]
218,2026-03-18T01:00:01.871223+00:00,koios,102,0,[]
217,2026-03-17T21:00:01.297404+00:00,koios,102,0,[]
216,2026-03-17T17:00:01.254841+00:00,none,0,0,"[""Both Koios and Blockfrost unavailable""]"
215,2026-03-17T13:00:01.474101+00:00,koios,102,1,[]
214,2026-03-17T09:00:01.543536+00:00,koios,101,0,[]
213,2026-03-17T05:00:02.107945+00:00,koios,101,0,[]
212,2026-03-17T01:00:01.946607+00:00,koios,101,0,[]
211,2026-03-16T21:00:01.383227+00:00,koios,101,0,[]
210,2026-03-16T17:00:01.535585+00:00,koios,101,0,[]
209,2026-03-16T13:00:01.628738+00:00,koios,101,0,[]
208,2026-03-16T09:00:01.546599+00:00,koios,101,0,[]
207,2026-03-16T05:00:02.012530+00:00,koios,101,0,[]
206,2026-03-15T21:00:01.311021+00:00,koios,101,0,[]
205,2026-03-15T17:00:01.181511+00:00,koios,101,0,[]
204,2026-03-15T13:00:01.809677+00:00,koios,101,0,[]
203,2026-03-15T09:00:01.699111+00:00,koios,101,0,[]
202,2026-03-15T05:00:01.316115+00:00,koios,101,0,[]
201,2026-03-15T01:00:02.024497+00:00,none,0,0,"[""Both Koios and Blockfrost unavailable""]"
200,2026-03-14T21:00:01.960287+00:00,koios,101,0,[]
199,2026-03-14T17:00:01.587022+00:00,koios,101,0,[]
198,2026-03-14T13:00:02.106661+00:00,koios,101,0,[]
197,2026-03-14T09:00:01.558188+00:00,koios,101,0,[]
196,2026-03-14T05:00:01.256810+00:00,koios,101,0,[]
195,2026-03-14T01:00:01.852883+00:00,koios,101,0,[]
194,2026-03-13T21:00:01.869141+00:00,koios,101,0,[]
193,2026-03-13T17:00:01.879968+00:00,koios,101,0,[]
192,2026-03-13T13:00:02.014735+00:00,koios,101,0,[]
191,2026-03-13T09:00:01.497794+00:00,koios,101,0,[]
190,2026-03-13T05:00:01.252872+00:00,koios,101,0,[]
189,2026-03-13T01:00:01.463867+00:00,koios,101,1,[]
188,2026-03-12T21:00:01.326132+00:00,koios,100,0,[]
187,2026-03-12T17:00:02.019828+00:00,koios,100,0,[]
186,2026-03-12T13:00:01.753057+00:00,koios,100,0,[]
185,2026-03-12T09:00:01.194413+00:00,koios,100,0,[]
184,2026-03-12T05:00:01.260417+00:00,koios,100,0,[]
183,2026-03-12T01:00:01.718756+00:00,koios,100,0,[]
182,2026-03-11T21:00:01.633849+00:00,koios,100,0,[]
181,2026-03-11T17:00:01.589265+00:00,koios,100,0,[]
180,2026-03-11T13:00:01.370579+00:00,koios,100,0,[]
179,2026-03-11T09:00:01.680683+00:00,koios,100,0,[]
178,2026-03-11T05:00:01.939721+00:00,koios,100,0,[]
177,2026-03-11T01:00:01.865050+00:00,koios,100,0,[]
176,2026-03-10T21:00:01.261892+00:00,koios,100,0,[]
175,2026-03-10T17:00:01.196246+00:00,koios,100,0,[]
174,2026-03-10T13:00:01.360733+00:00,koios,100,0,[]
173,2026-03-10T09:00:02.083716+00:00,koios,100,0,[]
172,2026-03-10T05:00:01.996041+00:00,koios,100,1,[]
171,2026-03-10T01:00:01.655901+00:00,koios,99,0,[]
170,2026-03-09T21:00:02.079490+00:00,koios,99,0,[]
169,2026-03-09T17:00:01.704024+00:00,koios,99,0,[]
168,2026-03-09T13:00:01.402022+00:00,koios,99,0,[]
167,2026-03-09T09:00:01.882075+00:00,koios,99,0,[]
166,2026-03-09T05:00:01.469607+00:00,koios,99,0,[]
165,2026-03-09T01:00:01.949261+00:00,koios,99,0,[]
164,2026-03-08T21:00:01.405517+00:00,koios,99,0,[]
163,2026-03-08T17:00:01.612560+00:00,koios,99,0,[]
162,2026-03-08T13:00:01.472628+00:00,koios,99,0,[]
161,2026-03-08T09:00:01.553739+00:00,koios,99,0,[]
160,2026-03-08T06:00:02.075022+00:00,koios,99,0,[]
159,2026-03-08T02:00:01.724793+00:00,koios,99,0,[]
158,2026-03-07T22:00:01.763508+00:00,koios,99,0,[]
157,2026-03-07T18:00:01.667734+00:00,none,0,0,"[""Both Koios and Blockfrost unavailable""]"
156,2026-03-07T14:00:01.472934+00:00,koios,99,0,[]
155,2026-03-07T10:00:02.041714+00:00,koios,99,0,[]
154,2026-03-07T06:00:01.900822+00:00,koios,99,0,[]
153,2026-03-07T02:00:01.215489+00:00,koios,99,1,[]
152,2026-03-06T22:00:01.214671+00:00,koios,98,0,[]
151,2026-03-06T18:00:02.072024+00:00,koios,98,0,[]
150,2026-03-06T14:00:01.604510+00:00,koios,98,0,[]
149,2026-03-06T10:00:01.903071+00:00,koios,98,0,[]
148,2026-03-06T06:00:01.186657+00:00,koios,98,0,[]
147,2026-03-06T02:00:02.095636+00:00,koios,98,0,[]
146,2026-03-05T22:00:01.187855+00:00,koios,98,0,[]
145,2026-03-05T18:00:02.034456+00:00,koios,98,1,[]
144,2026-03-05T14:00:01.476271+00:00,koios,97,0,[]
143,2026-03-05T10:00:01.339401+00:00,koios,97,0,[]
142,2026-03-05T06:00:01.601761+00:00,koios,97,0,[]
141,2026-03-05T02:00:01.430966+00:00,koios,97,0,[]
140,2026-03-04T22:00:01.700556+00:00,koios,97,0,[]
139,2026-03-04T18:00:01.548681+00:00,koios,97,0,[]
138,2026-03-04T14:00:01.788300+00:00,koios,97,0,[]
137,2026-03-04T10:00:01.158852+00:00,koios,97,0,[]
136,2026-03-04T06:00:01.988552+00:00,koios,97,0,[]
135,2026-03-04T02:00:01.321995+00:00,koios,97,0,[]
134,2026-03-03T22:00:01.346350+00:00,koios,97,0,[]
133,2026-03-03T18:00:01.997311+00:00,koios,97,0,[]
132,2026-03-03T14:00:01.463094+00:00,koios,97,0,[]
131,2026-03-03T10:00:01.582120+00:00,koios,97,0,[]
130,2026-03-03T06:00:01.784767+00:00,koios,97,0,[]
129,2026-03-03T02:00:01.964689+00:00,koios,97,0,[]
128,2026-03-02T22:00:01.683331+00:00,koios,97,0,[]
127,2026-03-02T18:00:01.461301+00:00,koios,97,0,[]
126,2026-03-02T14:00:01.588141+00:00,koios,97,0,[]
125,2026-03-02T10:00:01.626010+00:00,koios,97,0,[]
124,2026-03-02T06:00:01.932567+00:00,koios,97,0,[]
123,2026-03-02T02:00:01.723432+00:00,koios,97,0,[]
122,2026-03-01T22:00:01.689432+00:00,koios,97,0,[]
121,2026-03-01T18:00:01.771753+00:00,koios,97,0,[]
120,2026-03-01T14:00:01.590715+00:00,koios,97,0,[]
119,2026-03-01T10:00:01.136518+00:00,koios,97,0,[]
118,2026-03-01T06:00:01.497938+00:00,koios,97,0,[]
117,2026-03-01T02:00:01.651318+00:00,koios,97,0,[]
116,2026-02-28T22:00:01.226602+00:00,koios,97,0,[]
115,2026-02-28T18:00:01.271326+00:00,koios,97,0,[]
114,2026-02-28T14:00:01.153258+00:00,koios,97,0,[]
113,2026-02-28T10:00:01.156495+00:00,koios,97,0,[]
112,2026-02-28T06:00:01.489274+00:00,koios,97,0,[]
111,2026-02-28T02:00:01.956073+00:00,koios,97,0,[]
110,2026-02-27T22:00:02.118909+00:00,koios,97,0,[]
109,2026-02-27T18:00:02.089877+00:00,koios,97,0,[]
108,2026-02-27T14:00:01.417652+00:00,koios,97,0,[]
107,2026-02-27T10:00:02.056129+00:00,koios,97,0,[]
106,2026-02-27T06:00:01.746956+00:00,koios,97,0,[]
105,2026-02-27T02:00:01.652321+00:00,koios,97,0,[]
104,2026-02-26T22:00:02.024513+00:00,koios,97,0,[]
103,2026-02-26T18:00:01.866487+00:00,koios,97,0,[]
102,2026-02-26T14:00:01.175714+00:00,koios,97,0,[]
101,2026-02-26T10:00:01.619925+00:00,koios,97,0,[]
100,2026-02-26T06:00:02.111101+00:00,koios,97,0,[]
99,2026-02-26T02:00:01.436695+00:00,koios,97,0,[]
98,2026-02-25T22:00:02.021565+00:00,koios,97,0,[]
97,2026-02-25T18:00:01.625384+00:00,koios,97,0,[]
96,2026-02-25T14:00:02.018007+00:00,koios,97,0,[]
95,2026-02-25T10:00:01.306454+00:00,koios,97,0,[]
94,2026-02-25T06:00:01.268442+00:00,koios,97,0,[]
93,2026-02-25T02:00:01.798366+00:00,none,0,0,"[""Both Koios and Blockfrost unavailable""]"
92,2026-02-24T22:00:01.413162+00:00,koios,97,0,[]
91,2026-02-24T18:00:01.520084+00:00,koios,97,0,[]
90,2026-02-24T14:00:01.396992+00:00,koios,97,0,[]
89,2026-02-24T10:00:02.113794+00:00,koios,97,0,[]
88,2026-02-24T06:00:01.928896+00:00,koios,97,0,[]
87,2026-02-24T02:00:02.024827+00:00,koios,97,0,[]
86,2026-02-23T22:00:01.682858+00:00,koios,97,0,[]
85,2026-02-23T18:00:01.850400+00:00,koios,97,1,[]
84,2026-02-23T14:00:01.699015+00:00,koios,92,0,[]
83,2026-02-23T10:00:01.925764+00:00,koios,92,0,[]
82,2026-02-23T06:00:01.690590+00:00,koios,92,0,[]
81,2026-02-23T02:00:01.668806+00:00,koios,92,0,[]
80,2026-02-22T22:00:01.449958+00:00,koios,92,0,[]
79,2026-02-22T18:00:01.209519+00:00,koios,92,0,[]
78,2026-02-22T14:00:01.440238+00:00,koios,92,0,[]
77,2026-02-22T10:00:01.474028+00:00,koios,92,0,[]
76,2026-02-22T06:00:01.826341+00:00,koios,92,0,[]
75,2026-02-22T02:00:01.825555+00:00,koios,92,0,[]
74,2026-02-21T22:00:01.209795+00:00,koios,92,0,[]
73,2026-02-21T18:00:01.419911+00:00,koios,92,0,[]
72,2026-02-21T14:00:01.220807+00:00,koios,92,0,[]
71,2026-02-21T10:00:01.325313+00:00,koios,92,0,[]
70,2026-02-21T06:00:01.204347+00:00,koios,92,0,[]
69,2026-02-21T02:00:01.531780+00:00,koios,92,0,[]
68,2026-02-20T22:00:01.449677+00:00,koios,92,0,[]
67,2026-02-20T18:00:01.654223+00:00,koios,92,0,[]
66,2026-02-20T14:00:01.811692+00:00,koios,92,0,[]
65,2026-02-20T10:00:01.975454+00:00,koios,92,0,[]
64,2026-02-20T06:00:01.165607+00:00,koios,92,0,[]
63,2026-02-20T02:00:01.695196+00:00,koios,92,0,[]
62,2026-02-19T22:00:01.311291+00:00,koios,92,0,[]
61,2026-02-19T18:00:01.839865+00:00,koios,92,0,[]
60,2026-02-19T14:00:01.314074+00:00,koios,92,0,[]
59,2026-02-19T10:00:01.516287+00:00,koios,92,0,[]
58,2026-02-19T06:00:01.553430+00:00,koios,92,0,[]
57,2026-02-19T02:00:01.937727+00:00,koios,92,0,[]
56,2026-02-18T22:00:02.106948+00:00,koios,92,0,[]
55,2026-02-18T18:00:01.704753+00:00,koios,92,0,[]
54,2026-02-18T14:00:01.706133+00:00,koios,92,0,[]
53,2026-02-18T10:00:01.382222+00:00,koios,92,0,[]
52,2026-02-18T06:00:01.649170+00:00,koios,92,0,[]
51,2026-02-18T02:00:01.166887+00:00,koios,92,0,[]
50,2026-02-17T22:00:02.051856+00:00,koios,92,0,[]
49,2026-02-17T18:00:01.364593+00:00,koios,92,0,[]
48,2026-02-17T14:00:01.515282+00:00,koios,92,0,[]
47,2026-02-17T10:00:01.682258+00:00,koios,92,0,[]
46,2026-02-17T06:00:01.603049+00:00,koios,92,0,[]
45,2026-02-17T02:00:01.401216+00:00,koios,92,0,[]
44,2026-02-16T22:00:01.142629+00:00,koios,92,0,[]
43,2026-02-16T18:00:01.948680+00:00,koios,92,0,[]
42,2026-02-16T14:00:01.463615+00:00,koios,92,0,[]
41,2026-02-16T10:00:01.500576+00:00,koios,92,0,[]
40,2026-02-16T06:00:01.591657+00:00,koios,92,0,[]
39,2026-02-16T02:00:01.863178+00:00,koios,92,0,[]
38,2026-02-15T22:00:02.030716+00:00,koios,92,0,[]
37,2026-02-15T18:00:01.795007+00:00,koios,92,0,[]
36,2026-02-15T14:00:01.143635+00:00,koios,92,0,[]
35,2026-02-15T10:00:01.220766+00:00,koios,92,0,[]
34,2026-02-15T06:00:01.620240+00:00,koios,92,0,[]
33,2026-02-15T02:00:01.347158+00:00,koios,92,0,[]
32,2026-02-14T22:00:01.753066+00:00,koios,92,0,[]
31,2026-02-14T18:00:01.958486+00:00,koios,92,0,[]
30,2026-02-14T14:00:01.807393+00:00,koios,92,0,[]
29,2026-02-14T10:00:01.151964+00:00,koios,92,0,[]
28,2026-02-14T06:00:01.943977+00:00,koios,92,0,[]
27,2026-02-14T02:00:01.599032+00:00,koios,92,0,[]
26,2026-02-13T22:00:01.635266+00:00,koios,92,0,[]
25,2026-02-13T18:00:01.473567+00:00,koios,92,0,[]
24,2026-02-13T14:00:01.169047+00:00,koios,92,0,[]
23,2026-02-13T10:00:01.568355+00:00,koios,92,0,[]
22,2026-02-13T06:00:01.697787+00:00,koios,92,0,[]
21,2026-02-13T02:00:01.335728+00:00,koios,92,0,[]
20,2026-02-12T22:00:01.738519+00:00,koios,92,0,[]
19,2026-02-12T18:00:02.095789+00:00,koios,92,0,[]
18,2026-02-12T14:00:01.907078+00:00,koios,92,0,[]
17,2026-02-12T10:00:01.407891+00:00,koios,92,0,[]
16,2026-02-12T06:00:01.871991+00:00,koios,92,0,[]
15,2026-02-12T02:00:02.041520+00:00,koios,92,0,[]
14,2026-02-11T22:00:01.571337+00:00,koios,92,0,[]
13,2026-02-11T18:00:01.524576+00:00,koios,92,0,[]
12,2026-02-11T14:00:01.595560+00:00,koios,92,0,[]
11,2026-02-11T10:00:01.738068+00:00,koios,92,0,[]
10,2026-02-11T06:00:02.073173+00:00,koios,92,0,[]
9,2026-02-11T02:00:01.492921+00:00,koios,92,0,[]
8,2026-02-10T22:00:01.419521+00:00,koios,92,0,[]
7,2026-02-10T18:00:01.706163+00:00,koios,92,0,[]
6,2026-02-10T14:00:01.927060+00:00,koios,92,0,[]
5,2026-02-10T10:00:01.548866+00:00,koios,92,0,[]
4,2026-02-10T06:00:01.815720+00:00,koios,92,1,[]
3,2026-02-10T02:00:01.950642+00:00,koios,91,0,[]
2,2026-02-09T22:00:01.543836+00:00,koios,91,0,[]
1,2026-02-09T18:50:25.950966+00:00,koios,91,87,[]
