action_id,action_type,proposal_summary_complete,budget_analysis_complete,feasibility_assessment_complete,risk_analysis_complete,alternatives_analysis_complete,failure_mode_analysis_complete,community_impact_complete,dossier_complete,analyst_notes,owner,status
gov_action13qr78nhrhetywapvx2wpm63y9uxpc2dc45zsu9gkncasxqhuhltqqqfu32x,TreasuryWithdrawals,yes,yes,yes,yes,yes,yes,yes,yes,Top-10 treasury expedited completion pass; requires ongoing reviewer refinement.,drep-ops,completed_expedited_top10
gov_action1uhzd06a26qavzflvrx3gvcz6rzxkl6su2ns8t3seef5e8dl6nlgsqcgtufg,TreasuryWithdrawals,yes,yes,yes,yes,yes,yes,yes,yes,Top-10 treasury expedited completion pass; requires ongoing reviewer refinement.,drep-ops,completed_expedited_top10
gov_action17dfgtkeufcy945e3ssanqpmn09ft3gezhvepvvg7msmlmaz260dqqjtsmpe,TreasuryWithdrawals,yes,yes,yes,yes,yes,yes,yes,yes,Top-10 treasury expedited completion pass; requires ongoing reviewer refinement.,drep-ops,completed_expedited_top10
gov_action19uhuy5uame2s60yrh6n8cyds8ps5q7tkh05dqlzmpcfy429p9w4qq5ll3g0,TreasuryWithdrawals,yes,yes,yes,yes,yes,yes,yes,yes,Top-10 treasury expedited completion pass; requires ongoing reviewer refinement.,drep-ops,completed_expedited_top10
gov_action1fvgw27fjpr9c7g582mszzyez0jgkqgjgatzdnyngrg8wwc9kcn3qqxtz8r7,TreasuryWithdrawals,yes,yes,yes,yes,yes,yes,yes,yes,Top-10 treasury expedited completion pass; requires ongoing reviewer refinement.,drep-ops,completed_expedited_top10
gov_action1lqun78lcznfa2gek49m3ydslakfnm8heargfp8sax9fk54yl6ghsqp042zv,TreasuryWithdrawals,yes,yes,yes,yes,yes,yes,yes,yes,Top-10 treasury expedited completion pass; requires ongoing reviewer refinement.,drep-ops,completed_expedited_top10
gov_action1q0m8z7glm9cprucwf44hdjdfra8khnakpm3hu5ueh929hvljw4aqqzuxfxz,TreasuryWithdrawals,yes,yes,yes,yes,yes,yes,yes,yes,Top-20 treasury expedited completion pass; requires ongoing reviewer refinement.,drep-ops,completed_expedited_top20
gov_action16tdkp3fs0j6303e4utgp8rftdug0ckezr4sslgv8wxdaeq40ngpsq5sr06h,TreasuryWithdrawals,yes,yes,yes,yes,yes,yes,yes,yes,Top-30 treasury expedited completion pass; requires ongoing reviewer refinement.,drep-ops,completed_expedited_top30
gov_action1r44w54hx553mz0sr4cc07f8tlxzj2sa57l2pt3l9pa2ldw42fc7sq5q3rtn,TreasuryWithdrawals,yes,yes,yes,yes,yes,yes,yes,yes,Top-20 treasury expedited completion pass; requires ongoing reviewer refinement.,drep-ops,completed_expedited_top20
gov_action1fl6r784t2ffw7q96du2znhprw90r3xvrfugvqelgqewgxex42kdqq9tgrd5,TreasuryWithdrawals,yes,yes,yes,yes,yes,yes,yes,yes,Top-50 treasury expedited completion pass; requires ongoing reviewer refinement.,drep-ops,completed_expedited_top50
gov_action193leqzml768nz7nmpepzx822a5mzyanqhtewaxjtul5gp6uhwvfsqgl2qg0,TreasuryWithdrawals,yes,yes,yes,yes,yes,yes,yes,yes,Top-50 treasury expedited completion pass; requires ongoing reviewer refinement.,drep-ops,completed_expedited_top50
gov_action18nefry4qacd80xzs2srjahxm2e4vz3c8wvrr03rrtk8mdqfuknysq66459t,TreasuryWithdrawals,yes,yes,yes,yes,yes,yes,yes,yes,Top-50 treasury expedited completion pass; requires ongoing reviewer refinement.,drep-ops,completed_expedited_top50
gov_action13tfag48nf94rtjcdq7c06vhkslmxxw9h6c88sl7q5g5nnewcsvlzzy7m65d,TreasuryWithdrawals,yes,yes,yes,yes,yes,yes,yes,yes,Top-50 treasury expedited completion pass; requires ongoing reviewer refinement.,drep-ops,completed_expedited_top50
gov_action13tfag48nf94rtjcdq7c06vhkslmxxw9h6c88sl7q5g5nnewcsvlzyc3clg6,TreasuryWithdrawals,yes,yes,yes,yes,yes,yes,yes,yes,Top-40 treasury expedited completion pass; requires ongoing reviewer refinement.,drep-ops,completed_expedited_top40
gov_action13tfag48nf94rtjcdq7c06vhkslmxxw9h6c88sl7q5g5nnewcsvlzxt5eumh,TreasuryWithdrawals,yes,yes,yes,yes,yes,yes,yes,yes,Top-30 treasury expedited completion pass; requires ongoing reviewer refinement.,drep-ops,completed_expedited_top30
gov_action13tfag48nf94rtjcdq7c06vhkslmxxw9h6c88sl7q5g5nnewcsvlzqhm6e8q,TreasuryWithdrawals,yes,yes,yes,yes,yes,yes,yes,yes,Top-10 treasury expedited completion pass; requires ongoing reviewer refinement.,drep-ops,completed_expedited_top10
gov_action13tfag48nf94rtjcdq7c06vhkslmxxw9h6c88sl7q5g5nnewcsvlzgf074ea,TreasuryWithdrawals,yes,yes,yes,yes,yes,yes,yes,yes,Top-50 treasury expedited completion pass; requires ongoing reviewer refinement.,drep-ops,completed_expedited_top50
gov_action13tfag48nf94rtjcdq7c06vhkslmxxw9h6c88sl7q5g5nnewcsvlqz6d98zp,TreasuryWithdrawals,yes,yes,yes,yes,yes,yes,yes,yes,Top-10 treasury expedited completion pass; requires ongoing reviewer refinement.,drep-ops,completed_expedited_top10
gov_action13tfag48nf94rtjcdq7c06vhkslmxxw9h6c88sl7q5g5nnewcsvlqyxzxz7k,TreasuryWithdrawals,yes,yes,yes,yes,yes,yes,yes,yes,Top-30 treasury expedited completion pass; requires ongoing reviewer refinement.,drep-ops,completed_expedited_top30
gov_action13tfag48nf94rtjcdq7c06vhkslmxxw9h6c88sl7q5g5nnewcsvlqx488pdm,TreasuryWithdrawals,yes,yes,yes,yes,yes,yes,yes,yes,Top-40 treasury expedited completion pass; requires ongoing reviewer refinement.,drep-ops,completed_expedited_top40
gov_action13tfag48nf94rtjcdq7c06vhkslmxxw9h6c88sl7q5g5nnewcsvlqwtnrdnx,TreasuryWithdrawals,yes,yes,yes,yes,yes,yes,yes,yes,Top-30 treasury expedited completion pass; requires ongoing reviewer refinement.,drep-ops,completed_expedited_top30
gov_action13tfag48nf94rtjcdq7c06vhkslmxxw9h6c88sl7q5g5nnewcsvlqvckzwqt,TreasuryWithdrawals,yes,yes,yes,yes,yes,yes,yes,yes,Top-50 treasury expedited completion pass; requires ongoing reviewer refinement.,drep-ops,completed_expedited_top50
gov_action13tfag48nf94rtjcdq7c06vhkslmxxw9h6c88sl7q5g5nnewcsvlqudh2k4c,TreasuryWithdrawals,yes,yes,yes,yes,yes,yes,yes,yes,Top-20 treasury expedited completion pass; requires ongoing reviewer refinement.,drep-ops,completed_expedited_top20
gov_action13tfag48nf94rtjcdq7c06vhkslmxxw9h6c88sl7q5g5nnewcsvlqsufvuyl,TreasuryWithdrawals,yes,yes,yes,yes,yes,yes,yes,yes,Top-50 treasury expedited completion pass; requires ongoing reviewer refinement.,drep-ops,completed_expedited_top50
gov_action13tfag48nf94rtjcdq7c06vhkslmxxw9h6c88sl7q5g5nnewcsvlqqfgyy3v,TreasuryWithdrawals,yes,yes,yes,yes,yes,yes,yes,yes,Top-30 treasury expedited completion pass; requires ongoing reviewer refinement.,drep-ops,completed_expedited_top30
gov_action13tfag48nf94rtjcdq7c06vhkslmxxw9h6c88sl7q5g5nnewcsvlqkqx0ecg,TreasuryWithdrawals,yes,yes,yes,yes,yes,yes,yes,yes,Top-20 treasury expedited completion pass; requires ongoing reviewer refinement.,drep-ops,completed_expedited_top20
gov_action13tfag48nf94rtjcdq7c06vhkslmxxw9h6c88sl7q5g5nnewcsvlqj0vdlhj,TreasuryWithdrawals,yes,yes,yes,yes,yes,yes,yes,yes,Top-40 treasury expedited completion pass; requires ongoing reviewer refinement.,drep-ops,completed_expedited_top40
gov_action13tfag48nf94rtjcdq7c06vhkslmxxw9h6c88sl7q5g5nnewcsvlqghuqg03,TreasuryWithdrawals,yes,yes,yes,yes,yes,yes,yes,yes,Top-50 treasury expedited completion pass; requires ongoing reviewer refinement.,drep-ops,completed_expedited_top50
gov_action13tfag48nf94rtjcdq7c06vhkslmxxw9h6c88sl7q5g5nnewcsvlqczags6z,TreasuryWithdrawals,yes,yes,yes,yes,yes,yes,yes,yes,Top-40 treasury expedited completion pass; requires ongoing reviewer refinement.,drep-ops,completed_expedited_top40
gov_action13tfag48nf94rtjcdq7c06vhkslmxxw9h6c88sl7q5g5nnewcsvlq77jt4x4,TreasuryWithdrawals,yes,yes,yes,yes,yes,yes,yes,yes,Top-30 treasury expedited completion pass; requires ongoing reviewer refinement.,drep-ops,completed_expedited_top30
gov_action13tfag48nf94rtjcdq7c06vhkslmxxw9h6c88sl7q5g5nnewcsvlq63cfnf0,TreasuryWithdrawals,yes,yes,yes,yes,yes,yes,yes,yes,Top-40 treasury expedited completion pass; requires ongoing reviewer refinement.,drep-ops,completed_expedited_top40
gov_action13tfag48nf94rtjcdq7c06vhkslmxxw9h6c88sl7q5g5nnewcsvlq5nrw6t9,TreasuryWithdrawals,yes,yes,yes,yes,yes,yes,yes,yes,Top-40 treasury expedited completion pass; requires ongoing reviewer refinement.,drep-ops,completed_expedited_top40
gov_action13tfag48nf94rtjcdq7c06vhkslmxxw9h6c88sl7q5g5nnewcsvlq2yeptuu,TreasuryWithdrawals,yes,yes,yes,yes,yes,yes,yes,yes,Top-50 treasury expedited completion pass; requires ongoing reviewer refinement.,drep-ops,completed_expedited_top50
gov_action13tfag48nf94rtjcdq7c06vhkslmxxw9h6c88sl7q5g5nnewcsvlpz4s2af8,TreasuryWithdrawals,yes,yes,yes,yes,yes,yes,yes,yes,Top-30 treasury expedited completion pass; requires ongoing reviewer refinement.,drep-ops,completed_expedited_top30
gov_action13tfag48nf94rtjcdq7c06vhkslmxxw9h6c88sl7q5g5nnewcsvlpyflfc4s,TreasuryWithdrawals,yes,yes,yes,yes,yes,yes,yes,yes,Top-40 treasury expedited completion pass; requires ongoing reviewer refinement.,drep-ops,completed_expedited_top40
gov_action13tfag48nf94rtjcdq7c06vhkslmxxw9h6c88sl7q5g5nnewcsvlpx66gmxa,TreasuryWithdrawals,yes,yes,yes,yes,yes,yes,yes,yes,Top-30 treasury expedited completion pass; requires ongoing reviewer refinement.,drep-ops,completed_expedited_top30
gov_action13tfag48nf94rtjcdq7c06vhkslmxxw9h6c88sl7q5g5nnewcsvlpwywvhcq,TreasuryWithdrawals,yes,yes,yes,yes,yes,yes,yes,yes,Top-10 treasury expedited completion pass; requires ongoing reviewer refinement.,drep-ops,completed_expedited_top10
gov_action13tfag48nf94rtjcdq7c06vhkslmxxw9h6c88sl7q5g5nnewcsvlpvhtd5td,TreasuryWithdrawals,yes,yes,yes,yes,yes,yes,yes,yes,Top-40 treasury expedited completion pass; requires ongoing reviewer refinement.,drep-ops,completed_expedited_top40
gov_action13tfag48nf94rtjcdq7c06vhkslmxxw9h6c88sl7q5g5nnewcsvlpuz29v77,TreasuryWithdrawals,yes,yes,yes,yes,yes,yes,yes,yes,Top-20 treasury expedited completion pass; requires ongoing reviewer refinement.,drep-ops,completed_expedited_top20
gov_action13tfag48nf94rtjcdq7c06vhkslmxxw9h6c88sl7q5g5nnewcsvlpsn5rx0e,TreasuryWithdrawals,yes,yes,yes,yes,yes,yes,yes,yes,Top-20 treasury expedited completion pass; requires ongoing reviewer refinement.,drep-ops,completed_expedited_top20
gov_action13tfag48nf94rtjcdq7c06vhkslmxxw9h6c88sl7q5g5nnewcsvlpqx4t762,TreasuryWithdrawals,yes,yes,yes,yes,yes,yes,yes,yes,Top-40 treasury expedited completion pass; requires ongoing reviewer refinement.,drep-ops,completed_expedited_top40
gov_action13tfag48nf94rtjcdq7c06vhkslmxxw9h6c88sl7q5g5nnewcsvlpk0mqrnw,TreasuryWithdrawals,yes,yes,yes,yes,yes,yes,yes,yes,Top-30 treasury expedited completion pass; requires ongoing reviewer refinement.,drep-ops,completed_expedited_top30
gov_action13tfag48nf94rtjcdq7c06vhkslmxxw9h6c88sl7q5g5nnewcsvlpjq3z9u5,TreasuryWithdrawals,yes,yes,yes,yes,yes,yes,yes,yes,Top-20 treasury expedited completion pass; requires ongoing reviewer refinement.,drep-ops,completed_expedited_top20
gov_action13tfag48nf94rtjcdq7c06vhkslmxxw9h6c88sl7q5g5nnewcsvlpgcp0jyh,TreasuryWithdrawals,yes,yes,yes,yes,yes,yes,yes,yes,Top-50 treasury expedited completion pass; requires ongoing reviewer refinement.,drep-ops,completed_expedited_top50
gov_action13tfag48nf94rtjcdq7c06vhkslmxxw9h6c88sl7q5g5nnewcsvlpcdq823y,TreasuryWithdrawals,yes,yes,yes,yes,yes,yes,yes,yes,Top-20 treasury expedited completion pass; requires ongoing reviewer refinement.,drep-ops,completed_expedited_top20
gov_action13tfag48nf94rtjcdq7c06vhkslmxxw9h6c88sl7q5g5nnewcsvlp730y0dn,TreasuryWithdrawals,yes,yes,yes,yes,yes,yes,yes,yes,Top-20 treasury expedited completion pass; requires ongoing reviewer refinement.,drep-ops,completed_expedited_top20
gov_action13tfag48nf94rtjcdq7c06vhkslmxxw9h6c88sl7q5g5nnewcsvlp679xfzf,TreasuryWithdrawals,yes,yes,yes,yes,yes,yes,yes,yes,Top-30 treasury expedited completion pass; requires ongoing reviewer refinement.,drep-ops,completed_expedited_top30
gov_action13tfag48nf94rtjcdq7c06vhkslmxxw9h6c88sl7q5g5nnewcsvlp5u7pqqr,TreasuryWithdrawals,yes,yes,yes,yes,yes,yes,yes,yes,Top-20 treasury expedited completion pass; requires ongoing reviewer refinement.,drep-ops,completed_expedited_top20
gov_action13tfag48nf94rtjcdq7c06vhkslmxxw9h6c88sl7q5g5nnewcsvlp2tyw3h6,TreasuryWithdrawals,yes,yes,yes,yes,yes,yes,yes,yes,Top-10 treasury expedited completion pass; requires ongoing reviewer refinement.,drep-ops,completed_expedited_top10
gov_action1vrkk4dpuss8l3z9g4uc2rmf8ks0f7j534zvz9v4k85dlc54wa3zsqq68rx0,TreasuryWithdrawals,yes,yes,yes,yes,yes,yes,yes,yes,Top-40 treasury expedited completion pass; requires ongoing reviewer refinement.,drep-ops,completed_expedited_top40
gov_action1xg69v73lfzkwyhhuz583x6geyc2ewn3r96sxuqj3wqvrrk0yfpksqqa63yc,TreasuryWithdrawals,yes,yes,yes,yes,yes,yes,yes,yes,"machine draft 2026-07-04T15:57:49+00:00; dossier at decision_support/dossiers/gov_action1xg69v73lfzkwyhhuz583x6geyc2ewn3r96sxuqj3wqvrrk0yfpksqqa63yc.md; approve via build_deep_research_dossiers.py --approve | AGENTIC APPROVAL 2026-07-04T16:46:44+00:00: 36/37 facts verified (ratio 0.973), 0 material discrepancies",drep-agent-extract,approved_agentic
gov_action1mlvplrdk2t7eyclqeca77ppmfq3sghkr5hdppjqhdqdd573r7q6qqms7jwt,TreasuryWithdrawals,yes,yes,yes,yes,yes,yes,yes,yes,"machine draft 2026-07-04T15:59:12+00:00; dossier at decision_support/dossiers/gov_action1mlvplrdk2t7eyclqeca77ppmfq3sghkr5hdppjqhdqdd573r7q6qqms7jwt.md; approve via build_deep_research_dossiers.py --approve | AGENTIC APPROVAL 2026-07-04T16:56:15+00:00: 29/30 facts verified (ratio 0.9667), 0 material discrepancies",drep-agent-extract,approved_agentic
gov_action1cpnqmlgpkz3dnwnm4spqzsmsp93y9mr4vqcm2ltcpqyyf7a7nszsq4h586r,TreasuryWithdrawals,yes,yes,yes,yes,yes,yes,yes,yes,"machine draft 2026-07-04T16:00:26+00:00; dossier at decision_support/dossiers/gov_action1cpnqmlgpkz3dnwnm4spqzsmsp93y9mr4vqcm2ltcpqyyf7a7nszsq4h586r.md; approve via build_deep_research_dossiers.py --approve | AGENTIC APPROVAL 2026-07-04T16:56:15+00:00: 23/24 facts verified (ratio 0.9583), 0 material discrepancies",drep-agent-extract,approved_agentic
gov_action1xk6yrz0tg72a2a63ytd99gapz46nlqlavckarleqt6nr8lyekd8qqp0ga3d,TreasuryWithdrawals,yes,yes,yes,yes,yes,yes,yes,yes,"machine draft 2026-07-04T16:02:17+00:00; dossier at decision_support/dossiers/gov_action1xk6yrz0tg72a2a63ytd99gapz46nlqlavckarleqt6nr8lyekd8qqp0ga3d.md; approve via build_deep_research_dossiers.py --approve | AGENTIC APPROVAL 2026-07-04T16:56:15+00:00: 25/26 facts verified (ratio 0.9615), 0 material discrepancies",drep-agent-extract,approved_agentic
gov_action1pa6a6yd7pdaxed9nqkshtvtu7jmqe5c8cpf0ej4lnatjj588qkpsq2x2sz2,TreasuryWithdrawals,yes,yes,yes,yes,yes,yes,yes,yes,"machine draft 2026-07-04T16:03:51+00:00; dossier at decision_support/dossiers/gov_action1pa6a6yd7pdaxed9nqkshtvtu7jmqe5c8cpf0ej4lnatjj588qkpsq2x2sz2.md; approve via build_deep_research_dossiers.py --approve | AGENTIC APPROVAL 2026-07-04T16:56:15+00:00: 40/41 facts verified (ratio 0.9756), 0 material discrepancies",drep-agent-extract,approved_agentic
gov_action1mr0qdz2jmagvsch6r08fhqvq6vu8jakt4c8m9s7ea7z0p740vntqq4yjd6j,TreasuryWithdrawals,yes,yes,yes,yes,yes,yes,yes,yes,"machine draft 2026-07-04T16:05:10+00:00; dossier at decision_support/dossiers/gov_action1mr0qdz2jmagvsch6r08fhqvq6vu8jakt4c8m9s7ea7z0p740vntqq4yjd6j.md; approve via build_deep_research_dossiers.py --approve | AGENTIC APPROVAL 2026-07-04T16:56:15+00:00: 36/37 facts verified (ratio 0.973), 0 material discrepancies",drep-agent-extract,approved_agentic
gov_action1fdatlfcdnzzcw5x9pnt9r42v992nqw65zze57s8tyk0jll78eyusqccn9gc,TreasuryWithdrawals,yes,yes,yes,yes,yes,yes,yes,yes,"machine draft 2026-07-04T16:06:27+00:00; dossier at decision_support/dossiers/gov_action1fdatlfcdnzzcw5x9pnt9r42v992nqw65zze57s8tyk0jll78eyusqccn9gc.md; approve via build_deep_research_dossiers.py --approve | AGENTIC APPROVAL 2026-07-04T16:56:15+00:00: 26/27 facts verified (ratio 0.963), 0 material discrepancies",drep-agent-extract,approved_agentic
gov_action12sumv9qky4pkenmqp7gshv9nxqdk9zyn8gkd77fewkyy3t5tnxtsq457vgq,TreasuryWithdrawals,yes,yes,yes,yes,yes,yes,yes,yes,"machine draft 2026-07-04T16:07:52+00:00; dossier at decision_support/dossiers/gov_action12sumv9qky4pkenmqp7gshv9nxqdk9zyn8gkd77fewkyy3t5tnxtsq457vgq.md; approve via build_deep_research_dossiers.py --approve | AGENTIC APPROVAL 2026-07-04T16:56:15+00:00: 40/41 facts verified (ratio 0.9756), 0 material discrepancies",drep-agent-extract,approved_agentic
gov_action1k02990lhw6wh74t7c6ufw3mqaek9ujtvyan99dj5qv5kvcs7pn8sztttste,TreasuryWithdrawals,yes,yes,yes,yes,yes,yes,yes,yes,"machine draft 2026-07-04T16:09:06+00:00; dossier at decision_support/dossiers/gov_action1k02990lhw6wh74t7c6ufw3mqaek9ujtvyan99dj5qv5kvcs7pn8sztttste.md; approve via build_deep_research_dossiers.py --approve | AGENTIC APPROVAL 2026-07-04T16:56:15+00:00: 29/30 facts verified (ratio 0.9667), 0 material discrepancies",drep-agent-extract,approved_agentic
gov_action1k02990lhw6wh74t7c6ufw3mqaek9ujtvyan99dj5qv5kvcs7pn8syhyg4hw,TreasuryWithdrawals,yes,yes,yes,yes,yes,yes,yes,yes,"machine draft 2026-07-04T16:10:15+00:00; dossier at decision_support/dossiers/gov_action1k02990lhw6wh74t7c6ufw3mqaek9ujtvyan99dj5qv5kvcs7pn8syhyg4hw.md; approve via build_deep_research_dossiers.py --approve | AGENTIC APPROVAL 2026-07-04T16:56:15+00:00: 24/25 facts verified (ratio 0.96), 0 material discrepancies",drep-agent-extract,approved_agentic
gov_action1k02990lhw6wh74t7c6ufw3mqaek9ujtvyan99dj5qv5kvcs7pn8sxypfkyr,TreasuryWithdrawals,yes,yes,yes,yes,yes,yes,yes,yes,"machine draft 2026-07-04T16:11:31+00:00; dossier at decision_support/dossiers/gov_action1k02990lhw6wh74t7c6ufw3mqaek9ujtvyan99dj5qv5kvcs7pn8sxypfkyr.md; approve via build_deep_research_dossiers.py --approve | AGENTIC APPROVAL 2026-07-04T16:56:15+00:00: 26/26 facts verified (ratio 1.0), 0 material discrepancies",drep-agent-extract,approved_agentic
gov_action1k02990lhw6wh74t7c6ufw3mqaek9ujtvyan99dj5qv5kvcs7pn8sw64d667,TreasuryWithdrawals,yes,yes,yes,yes,yes,yes,yes,yes,"machine draft 2026-07-04T16:12:51+00:00; dossier at decision_support/dossiers/gov_action1k02990lhw6wh74t7c6ufw3mqaek9ujtvyan99dj5qv5kvcs7pn8sw64d667.md; approve via build_deep_research_dossiers.py --approve | AGENTIC APPROVAL 2026-07-04T16:56:15+00:00: 25/26 facts verified (ratio 0.9615), 0 material discrepancies",drep-agent-extract,approved_agentic
gov_action1k02990lhw6wh74t7c6ufw3mqaek9ujtvyan99dj5qv5kvcs7pn8svfsvefn,TreasuryWithdrawals,yes,yes,yes,yes,yes,yes,yes,yes,"machine draft 2026-07-04T16:14:19+00:00; dossier at decision_support/dossiers/gov_action1k02990lhw6wh74t7c6ufw3mqaek9ujtvyan99dj5qv5kvcs7pn8svfsvefn.md; approve via build_deep_research_dossiers.py --approve | AGENTIC APPROVAL 2026-07-04T16:56:15+00:00: 34/35 facts verified (ratio 0.9714), 0 material discrepancies",drep-agent-extract,approved_agentic
gov_action1k02990lhw6wh74t7c6ufw3mqaek9ujtvyan99dj5qv5kvcs7pn8ssd0ztd8,TreasuryWithdrawals,yes,yes,yes,yes,yes,yes,yes,yes,"machine draft 2026-07-04T16:15:40+00:00; dossier at decision_support/dossiers/gov_action1k02990lhw6wh74t7c6ufw3mqaek9ujtvyan99dj5qv5kvcs7pn8ssd0ztd8.md; approve via build_deep_research_dossiers.py --approve | AGENTIC APPROVAL 2026-07-04T16:56:15+00:00: 29/30 facts verified (ratio 0.9667), 0 material discrepancies",drep-agent-extract,approved_agentic
gov_action1k02990lhw6wh74t7c6ufw3mqaek9ujtvyan99dj5qv5kvcs7pn8sqcw2nc5,TreasuryWithdrawals,yes,yes,yes,yes,yes,yes,yes,yes,"machine draft 2026-07-04T16:17:01+00:00; dossier at decision_support/dossiers/gov_action1k02990lhw6wh74t7c6ufw3mqaek9ujtvyan99dj5qv5kvcs7pn8sqcw2nc5.md; approve via build_deep_research_dossiers.py --approve | AGENTIC APPROVAL 2026-07-04T16:56:15+00:00: 38/39 facts verified (ratio 0.9744), 0 material discrepancies",drep-agent-extract,approved_agentic
gov_action1k02990lhw6wh74t7c6ufw3mqaek9ujtvyan99dj5qv5kvcs7pn8sj72rg72,TreasuryWithdrawals,yes,yes,yes,yes,yes,yes,yes,yes,"machine draft 2026-07-04T16:18:14+00:00; dossier at decision_support/dossiers/gov_action1k02990lhw6wh74t7c6ufw3mqaek9ujtvyan99dj5qv5kvcs7pn8sj72rg72.md; approve via build_deep_research_dossiers.py --approve | AGENTIC APPROVAL 2026-07-04T16:56:15+00:00: 29/30 facts verified (ratio 0.9667), 0 material discrepancies",drep-agent-extract,approved_agentic
gov_action1k02990lhw6wh74t7c6ufw3mqaek9ujtvyan99dj5qv5kvcs7pn8sgx6wlxf,TreasuryWithdrawals,yes,yes,yes,yes,yes,yes,yes,yes,"machine draft 2026-07-04T16:19:21+00:00; dossier at decision_support/dossiers/gov_action1k02990lhw6wh74t7c6ufw3mqaek9ujtvyan99dj5qv5kvcs7pn8sgx6wlxf.md; approve via build_deep_research_dossiers.py --approve | AGENTIC APPROVAL 2026-07-04T16:56:15+00:00: 28/29 facts verified (ratio 0.9655), 0 material discrepancies",drep-agent-extract,approved_agentic
gov_action1k02990lhw6wh74t7c6ufw3mqaek9ujtvyan99dj5qv5kvcs7pn8s5z9qdza,TreasuryWithdrawals,yes,yes,yes,yes,yes,yes,yes,yes,"machine draft 2026-07-04T16:20:38+00:00; dossier at decision_support/dossiers/gov_action1k02990lhw6wh74t7c6ufw3mqaek9ujtvyan99dj5qv5kvcs7pn8s5z9qdza.md; approve via build_deep_research_dossiers.py --approve | AGENTIC APPROVAL 2026-07-04T16:56:15+00:00: 28/29 facts verified (ratio 0.9655), 0 material discrepancies",drep-agent-extract,approved_agentic
gov_action1k02990lhw6wh74t7c6ufw3mqaek9ujtvyan99dj5qv5kvcs7pn8s24l0u4y,TreasuryWithdrawals,yes,yes,yes,yes,yes,yes,yes,yes,"machine draft 2026-07-04T16:21:54+00:00; dossier at decision_support/dossiers/gov_action1k02990lhw6wh74t7c6ufw3mqaek9ujtvyan99dj5qv5kvcs7pn8s24l0u4y.md; approve via build_deep_research_dossiers.py --approve | AGENTIC APPROVAL 2026-07-04T16:56:15+00:00: 21/22 facts verified (ratio 0.9545), 0 material discrepancies",drep-agent-extract,approved_agentic
gov_action1suskjc6c4nw58c6wtmv77xe79gwj47wp4gvh9cqhhxujwxmam3cqqkz5nwj,TreasuryWithdrawals,yes,yes,yes,yes,yes,yes,yes,yes,"machine draft 2026-07-04T16:23:07+00:00; dossier at decision_support/dossiers/gov_action1suskjc6c4nw58c6wtmv77xe79gwj47wp4gvh9cqhhxujwxmam3cqqkz5nwj.md; approve via build_deep_research_dossiers.py --approve | AGENTIC APPROVAL 2026-07-04T16:56:15+00:00: 27/28 facts verified (ratio 0.9643), 0 material discrepancies",drep-agent-extract,approved_agentic
gov_action1lwudrf9g66mzlrxhq62y5pvzhzzv9wgps7u04kne202udge7kknsqlgmhse,TreasuryWithdrawals,yes,yes,yes,yes,yes,yes,yes,yes,"machine draft 2026-07-04T16:24:30+00:00; dossier at decision_support/dossiers/gov_action1lwudrf9g66mzlrxhq62y5pvzhzzv9wgps7u04kne202udge7kknsqlgmhse.md; approve via build_deep_research_dossiers.py --approve | AGENTIC APPROVAL 2026-07-04T16:56:15+00:00: 39/40 facts verified (ratio 0.975), 0 material discrepancies",drep-agent-extract,approved_agentic
2f429bde312c0806bd16199da10f4145da9807161e99d4486174c6fb9a91f983#0,TreasuryWithdrawals,yes,yes,yes,yes,yes,yes,yes,yes,"machine draft 2026-07-08T12:16:11+00:00; dossier at decision_support/dossiers/2f429bde312c0806bd16199da10f4145da9807161e99d4486174c6fb9a91f983#0.md; approve via build_deep_research_dossiers.py --approve | AGENTIC APPROVAL 2026-07-08T12:48:10+00:00: 19/19 facts verified (ratio 1.0), 0 material discrepancies",drep-agent-extract,approved_agentic
dfd81f8db652fd9263e0ce3bef043b4823045ec3a5da10c817681ada7a23f034#0,TreasuryWithdrawals,yes,yes,yes,yes,yes,yes,yes,yes,"machine draft 2026-07-08T12:17:42+00:00; dossier at decision_support/dossiers/dfd81f8db652fd9263e0ce3bef043b4823045ec3a5da10c817681ada7a23f034#0.md; approve via build_deep_research_dossiers.py --approve | AGENTIC APPROVAL 2026-07-08T12:48:10+00:00: 27/27 facts verified (ratio 1.0), 0 material discrepancies",drep-agent-extract,approved_agentic
c0660dfd01b0a2d9ba7bac02014370096242ec756031b57d78080844fbbe9c05#0,TreasuryWithdrawals,yes,yes,yes,yes,yes,yes,yes,yes,"machine draft 2026-07-08T12:18:55+00:00; dossier at decision_support/dossiers/c0660dfd01b0a2d9ba7bac02014370096242ec756031b57d78080844fbbe9c05#0.md; approve via build_deep_research_dossiers.py --approve | AGENTIC APPROVAL 2026-07-08T12:48:10+00:00: 25/25 facts verified (ratio 1.0), 0 material discrepancies",drep-agent-extract,approved_agentic
3234567a3f48ace25efc150f1369192615974e232ea06e0251701831d9e4486d#0,TreasuryWithdrawals,yes,yes,yes,yes,yes,yes,yes,yes,"machine draft 2026-07-08T12:20:24+00:00; dossier at decision_support/dossiers/3234567a3f48ace25efc150f1369192615974e232ea06e0251701831d9e4486d#0.md; approve via build_deep_research_dossiers.py --approve | AGENTIC APPROVAL 2026-07-08T12:48:10+00:00: 29/29 facts verified (ratio 1.0), 0 material discrepancies",drep-agent-extract,approved_agentic
d8de068952df50c862fa1bce9b8180d3387976cbae0fb2c3d9ef84f0faaf64d6#0,TreasuryWithdrawals,yes,yes,yes,yes,yes,yes,yes,yes,"machine draft 2026-07-08T12:21:59+00:00; dossier at decision_support/dossiers/d8de068952df50c862fa1bce9b8180d3387976cbae0fb2c3d9ef84f0faaf64d6#0.md; approve via build_deep_research_dossiers.py --approve | AGENTIC APPROVAL 2026-07-08T12:48:10+00:00: 46/46 facts verified (ratio 1.0), 0 material discrepancies",drep-agent-extract,approved_agentic
5439b6141625436ccf600f910bb0b3301b6288933a2cdf7939758848ae8b9997#0,TreasuryWithdrawals,yes,yes,yes,yes,yes,yes,yes,yes,"machine draft 2026-07-08T12:23:34+00:00; dossier at decision_support/dossiers/5439b6141625436ccf600f910bb0b3301b6288933a2cdf7939758848ae8b9997#0.md; approve via build_deep_research_dossiers.py --approve | AGENTIC APPROVAL 2026-07-08T12:48:10+00:00: 36/36 facts verified (ratio 1.0), 0 material discrepancies",drep-agent-extract,approved_agentic
4b7abfa70d98858750c50cd651d54c2955303b5410b34f40eb259f2fffc7c939#0,TreasuryWithdrawals,yes,yes,yes,yes,yes,yes,yes,yes,"machine draft 2026-07-08T12:25:06+00:00; dossier at decision_support/dossiers/4b7abfa70d98858750c50cd651d54c2955303b5410b34f40eb259f2fffc7c939#0.md; approve via build_deep_research_dossiers.py --approve | AGENTIC APPROVAL 2026-07-08T12:48:10+00:00: 25/25 facts verified (ratio 1.0), 0 material discrepancies",drep-agent-extract,approved_agentic
35b44189eb4795d5775122da52a3a115753f83fd662dd1ff205ea633fc99b34e#0,TreasuryWithdrawals,yes,yes,yes,yes,yes,yes,yes,yes,"machine draft 2026-07-08T12:26:25+00:00; dossier at decision_support/dossiers/35b44189eb4795d5775122da52a3a115753f83fd662dd1ff205ea633fc99b34e#0.md; approve via build_deep_research_dossiers.py --approve | AGENTIC APPROVAL 2026-07-08T12:48:10+00:00: 29/29 facts verified (ratio 1.0), 0 material discrepancies",drep-agent-extract,approved_agentic
0f75dd11be0b7a6cb4b305a175b17cf4b60cd307c052fccabf9f572950e70583#0,TreasuryWithdrawals,yes,yes,yes,yes,yes,yes,yes,yes,"machine draft 2026-07-08T12:28:02+00:00; dossier at decision_support/dossiers/0f75dd11be0b7a6cb4b305a175b17cf4b60cd307c052fccabf9f572950e70583#0.md; approve via build_deep_research_dossiers.py --approve | AGENTIC APPROVAL 2026-07-08T12:48:10+00:00: 35/35 facts verified (ratio 1.0), 0 material discrepancies",drep-agent-extract,approved_agentic
b3d452bff7769d7f557ec6b8974760ee6c5e496c276652b654032966621e0ccf#9,TreasuryWithdrawals,yes,yes,yes,yes,yes,yes,yes,yes,"machine draft 2026-07-08T12:29:20+00:00; dossier at decision_support/dossiers/b3d452bff7769d7f557ec6b8974760ee6c5e496c276652b654032966621e0ccf#9.md; approve via build_deep_research_dossiers.py --approve | AGENTIC APPROVAL 2026-07-12T14:48:04+00:00: 24/24 facts verified (ratio 1.0), 0 material discrepancies",drep-agent-extract,approved_agentic
b3d452bff7769d7f557ec6b8974760ee6c5e496c276652b654032966621e0ccf#7,TreasuryWithdrawals,yes,yes,yes,yes,yes,yes,yes,yes,"machine draft 2026-07-08T12:32:20+00:00; dossier at decision_support/dossiers/b3d452bff7769d7f557ec6b8974760ee6c5e496c276652b654032966621e0ccf#7.md; approve via build_deep_research_dossiers.py --approve | AGENTIC APPROVAL 2026-07-12T14:48:50+00:00: 27/27 facts verified (ratio 1.0), 0 material discrepancies",drep-agent-extract,approved_agentic
b3d452bff7769d7f557ec6b8974760ee6c5e496c276652b654032966621e0ccf#5,TreasuryWithdrawals,yes,yes,yes,yes,yes,yes,yes,yes,"machine draft 2026-07-08T12:35:00+00:00; dossier at decision_support/dossiers/b3d452bff7769d7f557ec6b8974760ee6c5e496c276652b654032966621e0ccf#5.md; approve via build_deep_research_dossiers.py --approve | AGENTIC APPROVAL 2026-07-12T14:48:50+00:00: 29/29 facts verified (ratio 1.0), 0 material discrepancies",drep-agent-extract,approved_agentic
b3d452bff7769d7f557ec6b8974760ee6c5e496c276652b654032966621e0ccf#3,TreasuryWithdrawals,yes,yes,yes,yes,yes,yes,yes,yes,"machine draft 2026-07-08T12:37:45+00:00; dossier at decision_support/dossiers/b3d452bff7769d7f557ec6b8974760ee6c5e496c276652b654032966621e0ccf#3.md; approve via build_deep_research_dossiers.py --approve | AGENTIC APPROVAL 2026-07-08T12:48:10+00:00: 29/29 facts verified (ratio 1.0), 0 material discrepancies",drep-agent-extract,approved_agentic
b3d452bff7769d7f557ec6b8974760ee6c5e496c276652b654032966621e0ccf#2,TreasuryWithdrawals,yes,yes,yes,yes,yes,yes,yes,yes,"machine draft 2026-07-08T12:39:04+00:00; dossier at decision_support/dossiers/b3d452bff7769d7f557ec6b8974760ee6c5e496c276652b654032966621e0ccf#2.md; approve via build_deep_research_dossiers.py --approve | AGENTIC APPROVAL 2026-07-12T14:48:50+00:00: 19/19 facts verified (ratio 1.0), 0 material discrepancies",drep-agent-extract,approved_agentic
b3d452bff7769d7f557ec6b8974760ee6c5e496c276652b654032966621e0ccf#0,TreasuryWithdrawals,yes,yes,yes,yes,yes,yes,yes,yes,"machine draft 2026-07-08T12:42:54+00:00; dossier at decision_support/dossiers/b3d452bff7769d7f557ec6b8974760ee6c5e496c276652b654032966621e0ccf#0.md; approve via build_deep_research_dossiers.py --approve | AGENTIC APPROVAL 2026-07-12T14:48:50+00:00: 22/22 facts verified (ratio 1.0), 0 material discrepancies",drep-agent-extract,approved_agentic
4f6e5df9a6e14bd49e406e2bbb0d108b3be2be64b9569b930053a0c1eebe0d47#0,TreasuryWithdrawals,yes,yes,yes,yes,yes,yes,yes,no,machine draft 2026-07-08T12:48:10+00:00; dossier at decision_support/dossiers/4f6e5df9a6e14bd49e406e2bbb0d108b3be2be64b9569b930053a0c1eebe0d47#0.md; approve via build_deep_research_dossiers.py --approve,drep-agent-extract,drafted_pending_review
fbb8d1a4a8d6b62f8cd706944a0582b884c2b90187b8fada7953d5c6a33eb5a7#0,TreasuryWithdrawals,yes,yes,yes,yes,yes,yes,yes,yes,"machine draft 2026-07-10T14:00:05+00:00; dossier at decision_support/dossiers/fbb8d1a4a8d6b62f8cd706944a0582b884c2b90187b8fada7953d5c6a33eb5a7#0.md; approve via build_deep_research_dossiers.py --approve | AGENTIC APPROVAL 2026-07-10T14:00:15+00:00: 47/47 facts verified (ratio 1.0), 0 material discrepancies",drep-agent-extract,approved_agentic
529dccaadaa000746c22f1682574cb3f436eeba4d19710b90791a54226dc96d7#0,TreasuryWithdrawals,yes,no,no,yes,yes,yes,yes,no,machine draft 2026-07-12T15:06:46+00:00; dossier at decision_support/dossiers/529dccaadaa000746c22f1682574cb3f436eeba4d19710b90791a54226dc96d7#0.md; approve via build_deep_research_dossiers.py --approve,drep-agent-extract,drafted_pending_review
8721696358acdd43e34e5ed9ef1b3e2a1d2af9c1aa1972e017b9b9271b7ddc70#0,TreasuryWithdrawals,yes,yes,yes,yes,no,yes,yes,no,machine draft 2026-07-12T15:12:52+00:00; dossier at decision_support/dossiers/8721696358acdd43e34e5ed9ef1b3e2a1d2af9c1aa1972e017b9b9271b7ddc70#0.md; approve via build_deep_research_dossiers.py --approve,drep-agent-extract,drafted_pending_review
b3d452bff7769d7f557ec6b8974760ee6c5e496c276652b654032966621e0ccf#1,TreasuryWithdrawals,yes,yes,yes,yes,no,no,yes,no,machine draft 2026-07-12T15:16:55+00:00; dossier at decision_support/dossiers/b3d452bff7769d7f557ec6b8974760ee6c5e496c276652b654032966621e0ccf#1.md; approve via build_deep_research_dossiers.py --approve,drep-agent-extract,drafted_pending_review
b3d452bff7769d7f557ec6b8974760ee6c5e496c276652b654032966621e0ccf#10,TreasuryWithdrawals,yes,yes,yes,yes,yes,yes,yes,yes,"machine draft 2026-07-12T15:22:23+00:00; dossier at decision_support/dossiers/b3d452bff7769d7f557ec6b8974760ee6c5e496c276652b654032966621e0ccf#10.md; approve via build_deep_research_dossiers.py --approve | AGENTIC APPROVAL 2026-07-12T15:43:50+00:00: 33/33 facts verified (ratio 1.0), 0 material discrepancies",drep-agent-extract,approved_agentic
b3d452bff7769d7f557ec6b8974760ee6c5e496c276652b654032966621e0ccf#4,TreasuryWithdrawals,yes,yes,no,yes,no,no,yes,no,machine draft 2026-07-12T15:27:26+00:00; dossier at decision_support/dossiers/b3d452bff7769d7f557ec6b8974760ee6c5e496c276652b654032966621e0ccf#4.md; approve via build_deep_research_dossiers.py --approve,drep-agent-extract,drafted_pending_review
b3d452bff7769d7f557ec6b8974760ee6c5e496c276652b654032966621e0ccf#6,TreasuryWithdrawals,yes,yes,no,yes,no,no,yes,no,machine draft 2026-07-12T15:32:17+00:00; dossier at decision_support/dossiers/b3d452bff7769d7f557ec6b8974760ee6c5e496c276652b654032966621e0ccf#6.md; approve via build_deep_research_dossiers.py --approve,drep-agent-extract,drafted_pending_review
b3d452bff7769d7f557ec6b8974760ee6c5e496c276652b654032966621e0ccf#8,TreasuryWithdrawals,yes,yes,yes,yes,yes,yes,yes,yes,"machine draft 2026-07-12T15:39:48+00:00; dossier at decision_support/dossiers/b3d452bff7769d7f557ec6b8974760ee6c5e496c276652b654032966621e0ccf#8.md; approve via build_deep_research_dossiers.py --approve | AGENTIC APPROVAL 2026-07-12T15:43:50+00:00: 32/32 facts verified (ratio 1.0), 0 material discrepancies",drep-agent-extract,approved_agentic
d52a4917df4f91c342eaf06ebb4c0a5c3156f6412d137f307cc77eb911f47ab1#0,TreasuryWithdrawals,yes,yes,yes,no,no,no,yes,no,machine draft 2026-07-12T15:42:43+00:00; dossier at decision_support/dossiers/d52a4917df4f91c342eaf06ebb4c0a5c3156f6412d137f307cc77eb911f47ab1#0.md; approve via build_deep_research_dossiers.py --approve,drep-agent-extract,drafted_pending_review
gov_action1654yj97lf7guxsh27phtknq2tsc4dajp95fh7vrucaltjy0502csq7qtkhq,TreasuryWithdrawals,yes,no,no,yes,no,no,no,no,Outstanding: confirm recipient address and exact staking-loss basis on-chain. Low burden; small reimbursement.,drep-ops,diligence_in_progress
gov_action1fah9m7dxu99af8jqdc4mkrgs3va790nyh9tfhycq2wsvrm47p4rsqtcm6ry,TreasuryWithdrawals,yes,no,no,yes,no,no,no,no,Outstanding: independent line-item budget; on-chain verification of named production users; milestone/acceptance criteria; alternatives to a 5.1M ADA scope.,drep-ops,diligence_in_progress
gov_action1zljrlljt9cxlz7ra2nep43nxg0r54wcnrgexyuhuam9ah0ws607qq2vcg4x,TreasuryWithdrawals,yes,no,no,yes,no,no,no,no,Outstanding: independent validation of $176/hr and hours; milestone gating (proposal is single-pipeline); treasury-runway impact of an 18.26M ADA ask; failure-mode if Peras slips.,drep-ops,diligence_in_progress
gov_action18a9sytyez02jl8ee4ryz5xu7heg587m5tu6nr7fkd3ex30umnnjqq27e7ey,TreasuryWithdrawals,yes,no,no,yes,no,no,no,no,"Outstanding: measurable, enforceable success metrics; basis for the 2.75M ADA valuation; comparison to lower-cost sponsorship tiers.",drep-ops,diligence_in_progress
gov_action1cp0w6zwgwpj98jtu3r2q838lgwmhs6j49l58zx4q05lx220lmzaqqztnljz,TreasuryWithdrawals,yes,no,no,yes,no,no,no,no,Outstanding: line-item licensing fees per integration; multi-year recurring-cost projection; plan to reduce treasury dependence; Fireblocks scope justification.,drep-ops,diligence_in_progress
gov_action142ndnn9hycuuwld5ddemash2l709ln06qjgfeudq77z45nf3fpdqqn7pwux,TreasuryWithdrawals,yes,no,no,yes,no,no,no,no,Outstanding: independent feasibility in India/Cambodia/Kenya; basis for the 500k-farmer reach; verification that disbursement is gated on M1/M2/M3.,drep-ops,diligence_in_progress
gov_action1ngpqafax5rvp8lcgey4asvqtycrh4e56fwp8cn2r9trx2ysryhtsqdm3w3z,TreasuryWithdrawals,yes,no,no,yes,no,no,no,no,Outstanding: evidence for the ~4.2% Pro-plan conversion assumption; verification of install-base figures; staged disbursement against the sustainability plan.,drep-ops,diligence_in_progress
